Date,Close,High,Low,Open,Volume
,NG=F,NG=F,NG=F,NG=F,NG=F
2015-01-05,2.9424999952316284,3.1360000371932983,2.840000033378601,2.9605000019073486,125452.5
2015-01-12,2.895400047302246,2.9717999935150146,2.824600028991699,2.924600028991699,126339.6
2015-01-19,3.115250051021576,3.221999943256378,2.9519999623298645,3.065250039100647,185652.5
2015-01-26,2.9014000415802004,3.011400032043457,2.830000066757202,2.9384000301361084,132959.4
2015-02-02,2.787400007247925,2.8598000526428224,2.7266000270843507,2.812000036239624,113348.0
2015-02-09,2.638399934768677,2.715999984741211,2.603000020980835,2.674399995803833,129429.6
2015-02-16,2.747749984264374,2.824250042438507,2.657249927520752,2.715749979019165,191635.75
2015-02-23,2.850800037384033,2.928999996185303,2.7694000720977785,2.8402000427246095,124308.4
2015-03-02,2.7849999904632567,2.864799976348877,2.740399980545044,2.8127999782562254,111319.0
2015-03-09,2.767799997329712,2.8058000087738035,2.7093999862670897,2.750200033187866,125490.2
2015-03-16,2.7466000080108643,2.7920000076293947,2.6848000049591065,2.738200044631958,114146.2
2015-03-23,2.821400022506714,2.879199981689453,2.748800039291382,2.8154000282287597,142078.8
2015-03-30,2.6829999923706054,2.7414000034332275,2.656399965286255,2.7115999698638915,74280.8
2015-04-06,2.652000069618225,2.693250060081482,2.6072499752044678,2.639750063419342,96248.75
2015-04-13,2.5697999954223634,2.6236000061035156,2.551800012588501,2.5941999912261964,135994.6
2015-04-20,2.598799991607666,2.6312000274658205,2.539400005340576,2.580999994277954,134734.0
2015-04-27,2.5465999603271485,2.575799989700317,2.513599967956543,2.5480000019073485,85877.4
2015-05-04,2.6941999912261965,2.7065999507904053,2.5975999355316164,2.6155999660491944,124705.6
2015-05-11,2.7944000244140623,2.8574000358581544,2.7489999771118163,2.803999996185303,134018.4
2015-05-18,2.973199987411499,3.0013999938964844,2.8955999851226806,2.9308000087738035,134560.0
2015-05-25,2.924749970436096,3.033500015735626,2.9102500081062317,2.9704999327659607,130127.0
2015-06-01,2.726800012588501,2.800999975204468,2.7041999816894533,2.7745999813079836,119547.8
2015-06-08,2.650599956512451,2.6959999561309815,2.5970000267028808,2.652400016784668,148404.0
2015-06-15,2.8401999950408934,2.8871999263763426,2.7685999870300293,2.805999994277954,195029.8
2015-06-22,2.8150000095367433,2.871199941635132,2.779200029373169,2.838600015640259,141559.6
2015-06-29,2.7826000213623048,2.8230000495910645,2.7305999755859376,2.7662000179290773,92895.8
2015-07-06,2.7982500195503235,2.841249942779541,2.759750008583069,2.7977499961853027,132714.5
2015-07-13,2.7522000312805175,2.7967999458312987,2.703600025177002,2.7444000244140625,138944.2
2015-07-20,2.8609999656677245,2.9128000259399416,2.821400022506714,2.866599988937378,135580.8
2015-07-27,2.8320000171661377,2.8789999961853026,2.7949999809265136,2.835199975967407,98157.2
2015-08-03,2.7877999782562255,2.843000030517578,2.756600046157837,2.8004000186920166,113081.8
2015-08-10,2.812600040435791,2.8395999908447265,2.767400026321411,2.7980000495910646,157820.0
2015-08-17,2.8182000160217284,2.8700000286102294,2.786199951171875,2.8394000053405763,161074.4
2015-08-24,2.700200080871582,2.743600034713745,2.6724000453948973,2.7122000217437745,110800.6
2015-08-31,2.6839999675750734,2.705999994277954,2.651199960708618,2.6808000087738035,75130.6
2015-09-07,2.682499945163727,2.7179999351501465,2.6457499861717224,2.680750012397766,109325.0
2015-09-14,2.699000024795532,2.730800008773804,2.6579999923706055,2.676800012588501,141674.0
2015-09-21,2.6435999870300293,2.6939999580383303,2.626599979400635,2.6797999858856203,103342.6
2015-09-28,2.5727999687194822,2.6086000919342043,2.5438000202178954,2.582800006866455,97200.8
2015-10-05,2.4888000011444094,2.5573999881744385,2.4688000202178957,2.5311999797821043,125879.0
2015-10-12,2.495800018310547,2.5263999938964843,2.4644000053405763,2.483400011062622,149713.2
2015-10-19,2.4681999683380127,2.5238000392913817,2.450599956512451,2.4996000289916993,138248.6
2015-10-26,2.3228000164031983,2.407800006866455,2.3007999897003173,2.387400007247925,136762.0
2015-11-02,2.191800022125244,2.241000032424927,2.1215999603271483,2.197399950027466,142927.4
2015-11-09,2.3100000381469727,2.3555999755859376,2.2662000179290773,2.306599998474121,152224.0
2015-11-16,2.317799997329712,2.375600004196167,2.2777999877929687,2.3272000312805177,157834.6
2015-11-23,2.269799995422363,2.3366000175476076,2.2084000587463377,2.280000019073486,119242.6
2015-11-30,2.213249981403351,2.2519999742507935,2.1607499718666077,2.2165000438690186,80457.5
2015-12-07,2.165999984741211,2.2113999843597414,2.14040002822876,2.196399974822998,138165.8
2015-12-14,2.0062000274658205,2.048799967765808,1.9763999938964845,2.025800013542175,164227.6
2015-12-21,1.8089999914169312,1.8721999645233154,1.7549999713897706,1.8206000089645387,175314.4
2015-12-28,2.0320000052452087,2.0620000064373016,1.9444999992847443,1.9792499840259552,81945.75
2016-01-04,2.3142499923706055,2.368750035762787,2.2329999804496765,2.299749970436096,146102.0
2016-01-11,2.368399953842163,2.421999931335449,2.2998000144958497,2.353600025177002,163082.4
2016-01-18,2.191249966621399,2.283999979496002,2.1772499680519104,2.2607499957084656,138971.5
2016-01-25,2.1288000106811524,2.170199966430664,2.0767999649047852,2.117199993133545,110536.0
2016-02-01,2.2001999855041503,2.2467999935150145,2.1444000244140624,2.1806000232696534,143815.2
2016-02-08,2.0476000547409057,2.1002000331878663,2.001599979400635,2.0601999759674072,171130.2
2016-02-15,2.025999993085861,2.090250015258789,2.003250002861023,2.0679999589920044,139366.25
2016-02-22,1.8644000053405763,1.9136000156402588,1.8363999843597412,1.8929999828338624,118378.8
2016-02-29,1.7545999765396119,1.7947999954223632,1.727400016784668,1.7773999929428101,109011.4
2016-03-07,1.6830000162124634,1.726200008392334,1.6389999628067016,1.6748000383377075,144081.6
2016-03-14,1.778600001335144,1.8104000091552734,1.7378000259399413,1.7630000114440918,147612.4
2016-03-21,1.877999973297119,1.9187999963760376,1.8294000148773193,1.8751999855041503,136771.4
2016-03-28,1.827750027179718,1.8620000183582306,1.7777499854564667,1.813999980688095,89454.75
2016-04-04,1.9624000072479248,2.0046000242233277,1.9229999780654907,1.9550000190734864,144892.2
2016-04-11,1.9569999694824218,2.0005999326705934,1.9225999593734742,1.9630000114440918,159264.8
2016-04-18,1.9703999996185302,2.0092000484466555,1.9276000261306763,1.9676000118255614,150607.2
2016-04-25,2.0856000423431396,2.1326000690460205,2.0217999458312987,2.0634000301361084,147783.0
2016-05-02,2.065000033378601,2.127799940109253,2.013000011444092,2.0895999908447265,161309.4
2016-05-09,2.1004000186920164,2.1355999946594237,2.059000015258789,2.094000005722046,128535.8
2016-05-16,2.1222000122070312,2.1584000110626222,2.0856000423431396,2.1282000064849855,145851.4
2016-05-23,2.0410000324249267,2.079799938201904,2.008200001716614,2.0461999416351317,126912.0
2016-05-30,2.025999993085861,2.067749947309494,1.9852500259876251,2.0402499735355377,102071.5
2016-06-06,2.387600040435791,2.40939998626709,2.3150000095367433,2.3317999839782715,169265.2
2016-06-13,2.540000009536743,2.573199987411499,2.4866000175476075,2.5155999660491943,188336.6
2016-06-20,2.62979998588562,2.661800003051758,2.575600004196167,2.6022000312805176,140452.8
2016-06-27,2.7041999816894533,2.744000053405762,2.6474000453948974,2.7034000396728515,100089.6
2016-07-04,2.9227499961853027,2.96274995803833,2.8267500400543213,2.849749982357025,149816.75
2016-07-11,2.765999984741211,2.8568000316619875,2.7236000061035157,2.812599945068359,140084.0
2016-07-18,2.735199975967407,2.779200029373169,2.6949999809265135,2.742199993133545,122759.4
2016-07-25,2.7203999519348145,2.768000030517578,2.675,2.7173999786376952,98724.2
2016-08-01,2.780799913406372,2.840399980545044,2.7183999538421633,2.7588000297546387,134881.2
2016-08-08,2.785200023651123,2.828599977493286,2.7441999435424806,2.7855999946594237,146567.8
2016-08-15,2.5806000232696533,2.651999998092651,2.5538000583648683,2.605399990081787,165514.0
2016-08-22,2.634600019454956,2.668200063705444,2.5863999843597414,2.6178000450134276,126695.2
2016-08-29,2.825399971008301,2.85,2.755600023269653,2.7817999362945556,95603.8
2016-09-05,2.824500024318695,2.889500081539154,2.7945000529289246,2.85275000333786,129986.25
2016-09-12,2.782200002670288,2.820400047302246,2.7309999465942383,2.759999942779541,163633.2
2016-09-19,2.921399974822998,2.956999969482422,2.8658000469207763,2.9139999866485597,139734.8
2016-09-26,3.0091999530792237,3.0599999904632567,2.964200019836426,3.006399965286255,114396.0
2016-10-03,2.9472000122070314,2.9926000118255613,2.919199991226196,2.977199983596802,121871.0
2016-10-10,3.0617499947547913,3.084250032901764,2.946749985218048,2.9857500195503235,200628.5
2016-10-17,3.2634000301361086,3.311799955368042,3.206400012969971,3.2622000217437743,184529.4
2016-10-24,3.0796000480651857,3.1887999534606934,3.0549999713897704,3.162400007247925,153566.2
2016-10-31,2.8799999713897706,2.9472000122070314,2.812000036239624,2.9170000553131104,137249.4
2016-11-07,2.8092000007629396,2.8905999660491943,2.773199939727783,2.8534000396728514,171103.2
2016-11-14,2.6759999990463257,2.7762500047683716,2.593000054359436,2.700500011444092,186290.5
2016-11-21,2.7938000202178954,2.8454000473022463,2.725,2.7634000301361086,132670.2
2016-11-28,3.0812500715255737,3.115500032901764,2.989750027656555,3.015500009059906,96988.75
2016-12-05,3.452400064468384,3.500600004196167,3.341200017929077,3.4084000110626222,180693.2
2016-12-12,3.6371999740600587,3.7176000118255614,3.5531999588012697,3.61899995803833,232744.6
2016-12-19,3.4509999752044678,3.524399995803833,3.391799974441528,3.468400001525879,146779.6
2016-12-26,3.5012500286102295,3.585499942302704,3.3949999809265137,3.456250011920929,128051.75
2017-01-02,3.8042500019073486,3.8782500624656677,3.6985000371932983,3.7857499718666077,109681.5
2017-01-09,3.2509999752044676,3.38100004196167,3.1973999977111816,3.340399980545044,187512.4
2017-01-16,3.3267499804496765,3.390999972820282,3.237249970436096,3.2702500224113464,170360.0
2017-01-23,3.3058000087738035,3.395800018310547,3.24539999961853,3.335200071334839,131894.6
2017-01-30,3.3232000350952147,3.39379997253418,3.265000009536743,3.3167999744415284,110061.2
2017-02-06,3.1170000076293944,3.1917999744415284,3.077799987792969,3.1480000495910643,157483.8
2017-02-13,3.075,3.124799966812134,3.0294000148773192,3.085199975967407,169919.4
2017-02-20,2.8795000314712524,2.949750006198883,2.865250051021576,2.908999979496002,133584.75
2017-02-27,2.618600034713745,2.7122000217437745,2.578599977493286,2.6615999698638917,122740.2
2017-03-06,2.8209999561309815,2.8486000061035157,2.7516000747680662,2.795799970626831,176780.0
2017-03-13,2.949999952316284,2.992199993133545,2.8986000061035155,2.9380000114440916,169714.8
2017-03-20,2.961999940872192,3.019000005722046,2.9044000148773192,2.952399969100952,137502.2
2017-03-27,3.056599998474121,3.099199962615967,3.0170000076293944,3.070199966430664,114665.6
2017-04-03,3.155999994277954,3.2010000705718995,3.1044000148773194,3.1521999835968018,116906.8
2017-04-10,3.2777999877929687,3.3235999584197997,3.2167999744415283,3.2507999897003175,175342.0
2017-04-17,3.1817500591278076,3.2392500042915344,3.1449999809265137,3.20550000667572,176306.75
2017-04-24,3.1311999797821044,3.191599988937378,3.1007999897003176,3.1534000396728517,121138.0
2017-05-01,3.1829999923706054,3.2260000228881838,3.137400007247925,3.172000026702881,129980.0
2017-05-08,3.2093999862670897,3.261400032043457,3.1682000160217285,3.2155999660491945,143722.8
2017-05-15,3.3335999965667726,3.3644000053405763,3.2664000034332275,3.285000038146973,177183.0
2017-05-22,3.237999963760376,3.2968000411987304,3.2004000186920165,3.25479998588562,156024.6
2017-05-29,3.212000072002411,3.2762500047683716,3.174750030040741,3.237250030040741,92600.25
2017-06-05,3.0410000324249267,3.130600023269653,3.022800016403198,3.110599994659424,191136.0
2017-06-12,3.0306000232696535,3.075799989700317,2.9977999687194825,3.025600051879883,165442.8
2017-06-19,2.9772000312805176,3.034600019454956,2.9383999347686767,2.9861999988555907,172036.2
2017-06-26,2.9299999713897704,2.963000011444092,2.896399974822998,2.9156000137329103,113482.6
2017-07-03,3.0263999938964843,3.0727999687194822,2.9938000202178956,3.0269999504089355,123816.6
2017-07-10,2.8802499771118164,2.9514999985694885,2.8494999408721924,2.9014999866485596,177122.0
2017-07-17,2.9985999584198,3.0329999923706055,2.9492000102996827,2.9786000728607176,164375.4
2017-07-24,3.0131999969482424,3.0619999885559084,2.983400011062622,3.022800016403198,139933.6
2017-07-31,2.914400005340576,2.9592000007629395,2.880399990081787,2.927000045776367,106257.0
2017-08-07,2.8010000228881835,2.8259999752044678,2.7705999851226806,2.800000047683716,126742.6
2017-08-14,2.926399993896484,2.9481999397277834,2.868399953842163,2.894800090789795,169748.8
2017-08-21,2.9217999458312987,2.950399971008301,2.881999969482422,2.9166000366210936,130376.0
2017-08-28,2.926599931716919,2.9728000164031982,2.894800043106079,2.9390000343322753,92666.8
2017-09-04,3.0024999380111694,3.027750015258789,2.9334999918937683,2.9649999737739563,137686.0
2017-09-11,2.9585999965667726,3.00959997177124,2.935399961471558,2.9745999813079833,166060.6
2017-09-18,3.0597999572753904,3.0915999889373778,3.0044000148773193,3.0238000392913817,199652.0
2017-09-25,3.008000040054321,3.073799991607666,2.9973999500274657,3.0478000164031984,156800.8
2017-10-02,2.9663999557495115,3.0188000202178955,2.9383999824523928,2.987400007247925,162568.4
2017-10-09,2.8907999992370605,2.9419999599456785,2.8710000038146974,2.903599977493286,178709.4
2017-10-16,2.9430000305175783,2.9757999420166015,2.899199962615967,2.915799951553345,218735.4
2017-10-23,2.91899995803833,2.966800022125244,2.869799995422363,2.9265999794006348,221538.8
2017-10-30,2.900200033187866,2.9697999954223633,2.8798000812530518,2.9455999374389648,118759.0
2017-11-06,2.9683999538421633,3.006399965286255,2.9182000160217285,2.9627999782562258,196131.2
2017-11-13,3.181400012969971,3.2076000213623046,3.130400037765503,3.167199993133545,218778.6
2017-11-20,3.0757999420166016,3.1269999980926513,3.049399995803833,3.0895999908447265,190205.6
2017-11-27,2.93149995803833,3.006749987602234,2.909999966621399,2.9832500219345093,106043.75
2017-12-04,3.064799976348877,3.1516000270843505,3.012400007247925,3.0752000331878664,254181.8
2017-12-11,2.8398000240325927,2.9097999572753905,2.811199998855591,2.879200077056885,248520.2
2017-12-18,2.686799955368042,2.764400053024292,2.637400007247925,2.70740008354187,239495.0
2017-12-25,2.6485000252723694,2.718999981880188,2.612249970436096,2.682499945163727,162075.5
2018-01-01,2.8119999766349792,2.8737499713897705,2.7205000519752502,2.756500005722046,210566.5
2018-01-08,2.914800024032593,2.9957999706268312,2.8504000186920164,2.954800033569336,273791.6
2018-01-15,3.02825003862381,3.0795000195503235,2.912000000476837,2.9607499837875366,340938.5
2018-01-22,3.1917999744415284,3.2478000640869142,3.0965999603271483,3.1914000034332277,267267.2
2018-01-29,3.5072000503540037,3.621000051498413,3.3516000270843507,3.4121999740600586,186047.8
2018-02-05,2.927799940109253,3.0440000534057616,2.9045999526977537,3.004800033569336,267211.0
2018-02-12,2.6588000297546386,2.7272000312805176,2.6355999946594237,2.6955999374389648,205963.4
2018-02-19,2.5797500014305115,2.619249939918518,2.5460000038146973,2.5927500128746033,163604.0
2018-02-26,2.63459997177124,2.665000009536743,2.575000047683716,2.623400020599365,111720.8
2018-03-05,2.689400005340576,2.7193999767303465,2.6585999965667724,2.6906000137329102,143676.0
2018-03-12,2.758400058746338,2.778999996185303,2.7225999355316164,2.743000030517578,144016.8
2018-03-19,2.7073999881744384,2.7540000438690186,2.6914000511169434,2.7361999988555907,126991.2
2018-03-26,2.6278000354766844,2.6677999973297117,2.6078000545501707,2.6384000301361086,94939.2
2018-04-02,2.7012500166893005,2.740249991416931,2.66525000333786,2.696250021457672,139922.0
2018-04-09,2.6967999935150146,2.717799997329712,2.6616000175476073,2.68919997215271,153715.0
2018-04-16,2.700799989700317,2.73100004196167,2.664800024032593,2.6953999519348146,172500.4
2018-04-23,2.723200035095215,2.7609999656677244,2.693400001525879,2.7303999423980714,145914.2
2018-04-30,2.78439998626709,2.8076000690460203,2.751599979400635,2.7805999755859374,107722.8
2018-05-07,2.7467999935150145,2.7832000255584717,2.720199966430664,2.7538000106811524,145748.0
2018-05-14,2.786199998855591,2.8037999629974366,2.7462000370025637,2.768800067901611,152768.6
2018-05-21,2.8333999633789064,2.8573999881744383,2.8101999759674072,2.8313999652862547,126765.4
2018-05-28,2.925249993801117,2.940249979496002,2.8824999928474426,2.8959999680519104,109079.5
2018-06-04,2.920799970626831,2.9633999824523927,2.889400053024292,2.9354000091552734,139804.8
2018-06-11,2.9110000133514404,2.946400022506714,2.8859999656677244,2.913800048828125,158402.0
2018-06-18,2.967999982833862,3.0059999942779543,2.9276000022888184,2.9723999977111815,159427.8
2018-06-25,2.9414000034332277,2.974000024795532,2.913800048828125,2.948800039291382,115177.0
2018-07-02,2.932200002670288,2.9727999687194826,2.9098000526428223,2.948799991607666,128092.0
2018-07-09,2.8482499718666077,2.8785000443458557,2.8297499418258667,2.8429999947547913,120783.25
2018-07-16,2.785000038146973,2.816800022125244,2.767199993133545,2.8010000228881835,119503.4
2018-07-23,2.741599988937378,2.7685999870300293,2.724399995803833,2.749399948120117,111460.6
2018-07-30,2.7812000274658204,2.793599987030029,2.7498000144958494,2.7616000175476074,79430.0
2018-08-06,2.8137999534606934,2.834800052642822,2.7783999919891356,2.799200010299683,139922.0
2018-08-13,2.9349999904632567,2.942200040817261,2.8970000743865967,2.9158000469207765,158767.6
2018-08-20,2.938800048828125,2.9615999698638915,2.91080002784729,2.9329999923706054,116965.0
2018-08-27,2.938600015640259,2.9720000267028808,2.925200033187866,2.9563999652862547,95703.6
2018-09-03,2.884249985218048,2.9022499918937683,2.85275000333786,2.8734999895095825,104623.25
2018-09-10,2.794000005722046,2.822599983215332,2.7748000621795654,2.803399991989136,153918.6
2018-09-17,2.8109999656677247,2.840999937057495,2.788400077819824,2.8085999488830566,152449.4
2018-09-24,2.9664000511169433,2.9826000213623045,2.896799993515015,2.9157999992370605,155669.6
2018-10-01,3.0521999835968017,3.093000030517578,2.9883999824523926,3.0315999507904055,182003.8
2018-10-08,3.1941999435424804,3.244599962234497,3.1351999759674074,3.1773999691009522,224315.8
2018-10-15,3.234999990463257,3.311199998855591,3.191200017929077,3.26419997215271,224915.2
2018-10-22,3.2289999961853026,3.295799970626831,3.1848000049591065,3.256599998474121,157571.4
2018-10-29,3.1899999141693116,3.225,3.125,3.168599987030029,112950.8
2018-11-05,3.3071999549865723,3.356399965286255,3.2383999824523926,3.2776000022888185,190231.6
2018-11-12,3.6320000648498536,3.6973999977111816,3.555999994277954,3.5845999717712402,210147.6
2018-11-19,4.389599895477295,4.601599979400635,4.0336000442504885,4.242000007629395,340478.8
2018-11-26,4.382500052452087,4.5952500104904175,4.22650009393692,4.35699999332428,156423.0
2018-12-03,4.514800071716309,4.623399925231934,4.292400074005127,4.440999984741211,181390.0
2018-12-10,4.454249978065491,4.574749946594238,4.3124998807907104,4.445000052452087,166160.75
2018-12-17,4.004400062561035,4.227400016784668,3.956400012969971,4.131799983978271,174593.4
2018-12-24,3.6860000133514403,3.871199941635132,3.5489999771118166,3.7211999893188477,116235.8
2018-12-31,3.35699999332428,3.4797499775886536,3.2410000562667847,3.397000014781952,120084.75
2019-01-07,2.972749948501587,3.0232499837875366,2.896750032901764,2.939999997615814,123825.5
2019-01-14,3.1220000267028807,3.1889999866485597,3.0239999294281006,3.053599977493286,153425.4
2019-01-21,3.4450000524520874,3.627499997615814,3.3347500562667847,3.48375004529953,173743.5
2019-01-28,3.041599988937378,3.1748000144958497,2.9811999797821045,3.0992000579833983,102348.8
2019-02-04,2.802400016784668,2.8779999732971193,2.764400005340576,2.8477999687194826,125364.6
2019-02-11,2.6199999809265138,2.6965999603271484,2.6070000171661376,2.651199960708618,148533.2
2019-02-18,2.615249991416931,2.6542499661445618,2.571250021457672,2.618750035762787,138669.5
2019-02-25,2.7095999717712402,2.7294000148773194,2.6555999755859374,2.6769999980926515,95011.8
2019-03-04,2.836400032043457,2.8645999908447264,2.7872000217437742,2.813800001144409,118880.4
2019-03-11,2.8456000328063964,2.8789999961853026,2.8194000244140627,2.8579999923706056,112492.0
2019-03-18,2.820799970626831,2.8414000511169433,2.7802000045776367,2.807599973678589,92287.4
2019-03-25,2.8046000480651854,2.8395999908447265,2.774399995803833,2.816599988937378,89902.4
2019-04-01,2.706999969482422,2.743000030517578,2.683799982070923,2.719200038909912,99185.2
2019-04-08,2.6751999855041504,2.7009999752044678,2.6504000186920167,2.6748000144958497,120306.8
2019-04-15,2.6625999927520754,2.7010000228881834,2.650800037384033,2.6871999740600585,126332.6
2019-04-22,2.525749981403351,2.5580000281333923,2.5087499618530273,2.54025000333786,130442.25
2019-04-29,2.5179999351501463,2.544000005722046,2.4717999935150146,2.5070000171661375,93407.0
2019-05-06,2.574999952316284,2.6085999965667725,2.551800012588501,2.5863999843597414,101131.0
2019-05-13,2.5963999748229982,2.615600061416626,2.556599998474121,2.5734000205993652,130982.4
2019-05-20,2.64060001373291,2.669200038909912,2.6087999820709227,2.6282000064849855,106495.2
2019-05-27,2.5830000042915344,2.621250033378601,2.5572500228881836,2.6040000319480896,120148.5
2019-06-03,2.523799991607666,2.5863999366760253,2.4949999809265138,2.5599999904632567,153758.0
2019-06-10,2.362399959564209,2.395800018310547,2.3342000007629395,2.3744000434875487,149032.2
2019-06-17,2.376599979400635,2.4025999546051025,2.34060001373291,2.3712000370025637,148983.0
2019-06-24,2.255600023269653,2.320599985122681,2.224199962615967,2.278999996185303,133005.0
2019-07-01,2.2995999813079835,2.334600019454956,2.2604000568389893,2.3025999546051024,110954.8
2019-07-08,2.337750017642975,2.3762499690055847,2.275250017642975,2.3132500052452087,156847.0
2019-07-15,2.429199981689453,2.4726000308990477,2.389799928665161,2.428599977493286,186588.0
2019-07-22,2.2919999599456786,2.3461999893188477,2.265800046920776,2.31080002784729,147010.8
2019-07-29,2.214799976348877,2.261999988555908,2.201599931716919,2.2509999752044676,94910.0
2019-08-05,2.1526000022888185,2.2107999324798584,2.1010000228881838,2.1477999687194824,190082.4
2019-08-12,2.1092000007629395,2.146999979019165,2.0783999443054197,2.10600004196167,175323.0
2019-08-19,2.186400032043457,2.217999982833862,2.1300000190734862,2.1615999698638917,158149.4
2019-08-26,2.185799980163574,2.213599967956543,2.153599977493286,2.180799961090088,109774.8
2019-09-02,2.2584999799728394,2.2797499895095825,2.2112499475479126,2.2387499809265137,143111.75
2019-09-09,2.463800001144409,2.4806000232696532,2.3790000438690186,2.4075999736785887,229646.8
2019-09-16,2.60019998550415,2.63439998626709,2.5612000465393066,2.5989999771118164,214217.4
2019-09-23,2.580800008773804,2.6342000007629394,2.5519999980926515,2.6124000549316406,156572.0
2019-09-30,2.433400011062622,2.4983999729156494,2.4085999965667724,2.475,133210.0
2019-10-07,2.3027999877929686,2.34539999961853,2.253999948501587,2.3069999694824217,217205.6
2019-10-14,2.2467999935150145,2.2955999851226805,2.2223999977111815,2.2522000312805175,206351.4
2019-10-21,2.303599977493286,2.355999994277954,2.2657999992370605,2.3116000175476072,178945.4
2019-10-28,2.3232000350952147,2.3528000354766845,2.2739999771118162,2.2984000205993653,130310.0
2019-11-04,2.6911999702453615,2.732200002670288,2.6053999423980714,2.641200065612793,247850.2
2019-11-11,2.777600049972534,2.8432000160217283,2.752600002288818,2.8052000045776366,227125.4
2019-11-18,2.624399995803833,2.687000036239624,2.588199996948242,2.6420000076293944,197999.0
2019-11-25,2.5663999557495116,2.6240000247955324,2.519799995422363,2.580199956893921,127552.6
2019-12-02,2.3952499628067017,2.493000030517578,2.3669999837875366,2.465250015258789,212466.5
2019-12-09,2.3666000366210938,2.426200008392334,2.317999982833862,2.3633999824523926,251228.0
2019-12-16,2.2944000244140623,2.331800031661987,2.247600030899048,2.2806000232696535,216686.6
2019-12-23,2.284000015258789,2.321000003814697,2.248400020599365,2.2984000205993653,172309.2
2019-12-30,2.2024999856948853,2.265999972820282,2.166499972343445,2.2262499928474426,112951.75
2020-01-06,2.143999993801117,2.1827500462532043,2.112249970436096,2.153999984264374,145200.75
2020-01-13,2.170599937438965,2.198600006103516,2.1244000434875487,2.1657999992370605,230238.4
2020-01-20,2.09674996137619,2.1730000376701355,2.0855000615119934,2.1449999809265137,230118.5
2020-01-27,1.904199981689453,1.962600016593933,1.8796000003814697,1.9339999675750732,177975.2
2020-02-03,1.859999990463257,1.9023999929428101,1.836400032043457,1.8783999919891357,150068.0
2020-02-10,1.8437999963760376,1.8777999877929688,1.8124000072479247,1.8480000019073486,235013.4
2020-02-17,1.823749989271164,1.8444999754428864,1.7899999916553497,1.8079999685287476,262766.5
2020-02-24,1.9175999879837036,1.959000015258789,1.8821999788284303,1.9229999780654907,216192.4
2020-03-02,1.772000002861023,1.8175999879837037,1.7339999675750732,1.7910000085830688,185289.6
2020-03-09,1.7769999742507934,1.825600004196167,1.7224000215530395,1.768399977684021,200641.4
2020-03-16,1.867799997329712,1.9282000064849854,1.7953999996185304,1.8639999866485595,267698.8
2020-03-23,1.6385999917984009,1.7118000268936158,1.5921999931335449,1.665999984741211,173836.4
2020-03-30,1.6546000003814698,1.6881999731063844,1.6085999965667725,1.637999987602234,79915.6
2020-04-06,1.626200008392334,1.6895999908447266,1.5794000148773193,1.62739999294281,158933.4
2020-04-13,1.7730000019073486,1.8669999837875366,1.7342499792575836,1.801749974489212,221906.75
2020-04-20,1.7222000122070313,1.7796000003814698,1.6271999835968018,1.6836000204086303,202726.2
2020-04-27,1.828000020980835,1.9135999917984008,1.7308000326156616,1.84159996509552,136961.4
2020-05-04,1.8990000009536743,1.9742000102996826,1.8388000011444092,1.9109999895095826,171251.0
2020-05-11,1.9242000102996826,2.0157999992370605,1.8819999933242797,1.9546000003814696,243106.2
2020-05-18,1.6892000198364259,1.7776000022888183,1.645199990272522,1.7170000076293945,216870.2
2020-05-25,1.7605000138282776,1.8227500021457672,1.7195000052452087,1.7692500054836273,138229.5
2020-06-01,1.7930000066757201,1.8466000318527223,1.7437999963760376,1.8094000339508056,158742.2
2020-06-08,1.7981999874114991,1.83919997215271,1.770199990272522,1.798799991607666,174241.0
2020-06-15,1.7519999742507935,1.8105999946594238,1.7168000221252442,1.785800004005432,193055.4
2020-06-22,1.644600009918213,1.677999997138977,1.6165999889373779,1.6463999986648559,137487.0
2020-06-29,1.5839999914169312,1.6474000215530396,1.5258000135421752,1.577999997138977,116334.6
2020-07-06,1.746500015258789,1.7860000133514404,1.6822499930858612,1.7179999947547913,188040.5
2020-07-13,1.8046000003814697,1.8702000379562378,1.7741999864578246,1.8177999973297119,179129.0
2020-07-20,1.7212000370025635,1.7656000137329102,1.6868000030517578,1.7361999988555907,129104.4
2020-07-27,1.7365999698638916,1.7603999614715575,1.676200008392334,1.717400026321411,96325.2
2020-08-03,1.8766000032424928,1.927999997138977,1.7878000020980835,1.8283999919891358,171638.2
2020-08-10,2.1880000114440916,2.25479998588562,2.122600030899048,2.1782000064849854,197893.8
2020-08-17,2.2399999618530275,2.2751999378204344,2.1664000034332274,2.2095999717712402,177833.8
2020-08-24,2.4312000274658203,2.4763999462127684,2.339200019836426,2.40120005607605,127469.4
2020-08-31,2.563200044631958,2.6206000328063963,2.471000003814697,2.551399993896484,129593.2
2020-09-07,2.522000014781952,2.606249988079071,2.4512499570846558,2.5290000438690186,199206.75
2020-09-14,2.3415999889373778,2.4414000034332277,2.3038000106811523,2.390999984741211,167802.8
2020-09-21,2.11080002784729,2.2317999839782714,2.0432000160217285,2.180999994277954,176153.0
2020-09-28,2.089399981498718,2.172000002861023,1.9825999975204467,2.042199993133545,83380.0
2020-10-05,2.5335999965667724,2.647600030899048,2.4349999904632567,2.5521999835968017,171480.6
2020-10-12,2.675,2.763200044631958,2.5844000339508058,2.6493999481201174,189225.6
2020-10-19,2.7668000221252442,2.84520001411438,2.6615999698638917,2.7318000316619875,162046.2
2020-10-26,2.987599992752075,3.030999994277954,2.9038000106811523,2.93580002784729,95266.6
2020-11-02,3.182800054550171,3.255399990081787,3.1148000240325926,3.201200008392334,126202.8
2020-11-09,2.9587999820709228,3.0689999580383303,2.930999994277954,3.032000017166138,163340.4
2020-11-16,2.929599952697754,3.021399974822998,2.8661999702453613,2.9319999694824217,148237.6
2020-11-23,2.671399974822998,2.7331999778747558,2.6179999828338625,2.6793999671936035,102021.2
2020-11-30,2.8489999771118164,2.9132500290870667,2.7610000371932983,2.8137500882148743,98492.0
2020-12-07,2.62960000038147,2.755999946594238,2.5799999713897703,2.708400011062622,185862.4
2020-12-14,2.533399963378906,2.5872000217437745,2.4616000175476076,2.5082000255584718,179775.6
2020-12-21,2.6799999713897704,2.713199996948242,2.6199999809265138,2.6815999507904054,129353.0
2020-12-28,2.552749991416931,2.643499970436096,2.502250015735626,2.5982500314712524,75179.5
2021-01-04,2.502250015735626,2.5447500348091125,2.416000008583069,2.4607499837875366,116200.75
2021-01-11,2.7188000202178957,2.759600067138672,2.615000009536743,2.6567999362945556,151195.2
2021-01-18,2.7207499742507935,2.828999936580658,2.6804999709129333,2.7362499833106995,171177.25
2021-01-25,2.52480001449585,2.582800006866455,2.4705999851226808,2.552400016784668,110378.0
2021-02-01,2.6987999439239503,2.747600030899048,2.62039999961853,2.6676000118255616,144415.6
2021-02-08,2.8627999782562257,2.9835999965667725,2.797600030899048,2.85959997177124,209298.2
2021-02-15,2.881500005722046,2.9852500557899475,2.8005000352859497,2.8867499232292175,228972.25
2021-02-22,3.0904000282287596,3.201200008392334,2.98919997215271,3.097599983215332,157218.8
2021-03-01,2.8115999698638916,2.859999990463257,2.7716000080108643,2.8405999660491945,98443.8
2021-03-08,2.7532000064849855,2.8118000507354735,2.7092000007629395,2.7736000061035155,117838.2
2021-03-15,2.621199941635132,2.6730000495910646,2.5874000072479246,2.6461999893188475,110103.4
2021-03-22,2.537600040435791,2.560599994659424,2.4648000240325927,2.515000009536743,103467.4
2021-03-29,2.5477999210357667,2.58100004196167,2.5131999969482424,2.549200010299683,63187.4
2021-04-05,2.5952499508857727,2.6557499766349792,2.559499979019165,2.615499973297119,114117.75
2021-04-12,2.5170000553131104,2.5612000465393066,2.48439998626709,2.506999969482422,136329.8
2021-04-19,2.664800024032593,2.6883999824523928,2.6145999908447264,2.632200002670288,126111.4
2021-04-26,2.737599992752075,2.7653999805450438,2.692400026321411,2.7236000061035157,81531.0
2021-05-03,2.921199989318848,2.9439999580383303,2.865000009536743,2.890799951553345,99625.4
2021-05-10,2.944599962234497,2.98459997177124,2.911199998855591,2.9567999839782715,94245.6
2021-05-17,2.993400001525879,3.024399995803833,2.941600036621094,2.9718000411987306,109427.2
2021-05-24,2.938599967956543,3.002400016784668,2.915200042724609,2.977999973297119,83261.2
2021-05-31,2.9602500200271606,3.008500039577484,2.916749954223633,2.9539999961853027,98070.75
2021-06-07,3.077399969100952,3.12039999961853,3.028000020980835,3.074799966812134,133157.8
2021-06-14,3.210799980163574,3.2519999980926513,3.1501999855041505,3.1684000492095947,159893.2
2021-06-21,3.2299999713897707,3.2757999420166017,3.178000020980835,3.248199987411499,124745.2
2021-06-28,3.424399995803833,3.4495999336242678,3.327799987792969,3.3395999908447265,80906.0
2021-07-05,3.6602500677108765,3.7824999690055847,3.5910000801086426,3.6607500314712524,163342.25
2021-07-12,3.6688000202178954,3.750800037384033,3.5895999908447265,3.663000059127808,133630.0
2021-07-19,3.684600067138672,3.73720006942749,3.6344000816345217,3.6856000423431396,114626.8
2021-07-26,4.0,4.032599973678589,3.8986000537872316,3.9284000396728516,91157.8
2021-08-02,3.9846000194549562,4.074399948120117,3.9036000251770018,4.001399993896484,114591.8
2021-08-09,4.104999923706055,4.172599983215332,4.0374000549316404,4.100800037384033,144364.6
2021-08-16,3.97760009765625,4.052600002288818,3.9115999698638917,3.9908000469207763,146217.8
2021-08-23,3.862999963760376,3.9228000164031984,3.799399995803833,3.862999963760376,108501.0
2021-08-30,4.130399942398071,4.220199966430664,4.011400032043457,4.089400053024292,110384.4
2021-09-06,4.586249828338623,4.641999959945679,4.4390000104904175,4.49524986743927,169094.0
2021-09-13,4.936400032043457,5.035600090026856,4.750800132751465,4.83439998626709,199211.8
2021-09-20,5.229000091552734,5.436999988555908,5.122800064086914,5.23479995727539,204529.6
2021-09-27,5.086399841308594,5.2029999732971195,4.877200031280518,4.951599884033203,97515.2
2021-10-04,5.714000034332275,6.060600090026855,5.505000019073487,5.743399906158447,239415.0
2021-10-11,5.714799976348877,6.073600006103516,5.54040002822876,5.863400077819824,217145.2
2021-10-18,5.436199951171875,5.667799949645996,5.2954000473022464,5.495999908447265,187174.8
2021-10-25,5.310199928283692,5.38700008392334,5.065199947357177,5.173200035095215,105141.2
2021-11-01,5.6956000328063965,5.98439998626709,5.51899995803833,5.799399948120117,144285.2
2021-11-08,5.574199962615967,5.745800018310547,5.417399978637695,5.581599998474121,145971.0
2021-11-15,4.963200092315674,5.178999996185302,4.797799873352051,5.064199924468994,152769.4
2021-11-22,4.94980001449585,5.1407999992370605,4.8279999732971195,4.9835999488830565,120803.6
2021-11-29,5.083999991416931,5.248499870300293,4.859499931335449,5.003000020980835,100636.0
2021-12-06,4.134000015258789,4.41399998664856,4.08799991607666,4.334999990463257,158149.2
2021-12-13,3.811199951171875,3.9467999935150146,3.7269999980926514,3.8010000228881835,149364.2
2021-12-20,3.767800045013428,3.8960000038146974,3.6880000591278077,3.7657999992370605,116039.0
2021-12-27,3.908999979496002,4.020249962806702,3.725250005722046,3.909499943256378,84050.25
2022-01-03,3.837000036239624,4.006599998474121,3.7211999893188477,3.8577999591827394,98876.6
2022-01-10,3.8811999797821044,3.9929999828338625,3.8008000373840334,3.881999969482422,130284.8
2022-01-17,4.409500002861023,4.572250008583069,4.133749961853027,4.349499940872192,167397.5
2022-01-24,4.028400039672851,4.184800052642823,3.9432000160217284,4.090199995040893,91510.2
2022-01-31,4.821599960327148,5.149600028991699,4.222200012207031,4.287600040435791,136236.0
2022-02-07,4.7887999534606935,5.110999965667725,4.579999923706055,4.90939998626709,199500.4
2022-02-14,4.070400047302246,4.198600006103516,3.9907999515533445,4.113800001144409,149872.0
2022-02-21,4.485000133514404,4.653749942779541,4.324999928474426,4.433750152587891,122110.5
2022-02-28,4.512199974060058,4.78080005645752,4.3952000617980955,4.578800010681152,99194.6
2022-03-07,4.78120002746582,4.9405999183654785,4.61540002822876,4.71879997253418,129528.0
2022-03-14,4.613399982452393,4.746799945831299,4.516800022125244,4.653799915313721,98913.6
2022-03-21,4.813799953460693,4.87839994430542,4.660599994659424,4.777999973297119,80806.6
2022-03-28,5.379799938201904,5.445400047302246,5.159200000762939,5.232399940490723,68979.4
2022-04-04,5.602999973297119,5.7163999557495115,5.426800060272217,5.545799922943115,140912.6
2022-04-11,6.268200016021728,6.459000110626221,6.0550000190734865,6.15620002746582,178149.0
2022-04-18,7.199250102043152,7.362249970436096,6.891749858856201,6.95550000667572,212525.25
2022-04-25,6.854599952697754,7.3081999778747555,6.6461999893188475,7.041199970245361,130666.2
2022-05-02,7.144799995422363,7.353600025177002,6.873000049591065,7.088000011444092,111291.8
2022-05-09,8.044200038909912,8.567799949645996,7.660799884796143,8.079199981689452,163346.4
2022-05-16,7.676599979400635,7.815199947357177,7.231799983978272,7.470399951934814,118402.6
2022-05-23,8.361400032043457,8.486199951171875,7.953600025177002,8.15300006866455,79792.8
2022-05-30,8.850499868392944,9.156250238418579,8.609999895095825,8.838250160217285,84852.75
2022-06-06,8.634199905395509,8.97140007019043,8.32800006866455,8.617999839782716,112157.6
2022-06-13,8.88280029296875,9.268599891662598,8.529399871826172,9.047999954223632,187394.4
2022-06-20,7.2542500495910645,8.05050003528595,7.105000019073486,7.737249970436096,159624.5
2022-06-27,6.525199890136719,6.724199962615967,6.267000007629394,6.56540002822876,70037.6
2022-07-04,6.050750017166138,6.537500023841858,5.934500098228455,6.302500009536743,115635.75
2022-07-11,5.957999992370605,6.203800010681152,5.687399959564209,5.869000053405761,105613.6
2022-07-18,6.7894000053405765,7.035999870300293,6.4500000953674315,6.642400074005127,113380.6
2022-07-25,8.045800018310548,8.209599781036378,7.597200012207031,7.779800128936768,79883.8
2022-08-01,8.465200042724609,8.884199905395509,8.220600032806397,8.467999839782715,82890.6
2022-08-08,7.949399948120117,8.265599822998047,7.685999965667724,8.041399955749512,114464.6
2022-08-15,8.480999755859376,8.601000022888183,8.085000038146973,8.22839994430542,98084.0
2022-08-22,9.355400276184081,9.625600242614746,8.969400024414062,9.142400169372559,93417.0
2022-08-29,9.309399795532226,9.650399971008301,9.109000205993652,9.469600105285645,63643.6
2022-09-05,9.054250001907349,9.304500102996826,8.827000141143799,9.166749954223633,90075.75
2022-09-12,8.029399967193603,8.420000076293945,7.8177999496459964,8.18179988861084,115841.2
2022-09-19,8.247600173950195,8.610599994659424,7.960999965667725,8.375999927520752,111475.0
2022-09-26,7.263199996948242,7.627200031280518,7.106199932098389,7.471199989318848,82657.6
2022-10-03,6.725799942016602,7.006599998474121,6.536399936676025,6.865199947357178,84467.2
2022-10-10,6.78439998626709,6.984600067138672,6.560799884796142,6.755999946594239,110286.0
2022-10-17,6.444800090789795,6.661400032043457,6.283800029754639,6.499800014495849,115962.4
2022-10-24,5.344599914550781,5.615599918365478,5.201199913024903,5.482399940490723,96972.8
2022-10-31,5.688799953460693,5.8961999893188475,5.356799983978272,5.659799957275391,81798.0
2022-11-07,6.260200023651123,6.51220006942749,5.94680004119873,6.243200016021729,125708.6
2022-11-14,6.010799980163574,6.471199989318848,5.841199970245361,6.2221999168396,120846.6
2022-11-21,6.336399936676026,6.462399959564209,5.984000110626221,6.22480001449585,101399.6
2022-11-28,6.955749988555908,7.240000009536743,6.66100001335144,6.951249957084656,68397.5
2022-12-05,6.552200031280518,6.965999984741211,6.476600170135498,6.855599975585937,117366.4
2022-12-12,5.9971999168396,6.227399921417236,5.754199981689453,5.944799995422363,158031.4
2022-12-19,6.557199859619141,6.852999973297119,6.2355998992919925,6.5795999526977536,136970.2
2022-12-26,5.184000015258789,5.603250026702881,5.080249905586243,5.44474995136261,80575.5
2023-01-02,4.756250023841858,4.988749980926514,4.617249846458435,4.947750091552734,74224.5
2023-01-09,3.9,4.150999975204468,3.7492000102996825,4.026000022888184,113720.8
2023-01-16,3.6059999465942383,3.8485000133514404,3.489750027656555,3.7142500281333923,120318.25
2023-01-23,3.358600044250488,3.556399965286255,3.263000011444092,3.426200008392334,119989.0
2023-01-30,3.0109999656677244,3.159600019454956,2.8842000007629394,3.0582000255584716,89396.8
2023-02-06,2.4950000286102294,2.6289999961853026,2.4428000450134277,2.5595999717712403,160239.6
2023-02-13,2.4657999992370607,2.6,2.385200023651123,2.5105999946594237,228629.4
2023-02-20,2.425499975681305,2.552250027656555,2.3597500324249268,2.471249997615814,148191.75
2023-02-27,2.3485999584197996,2.4582000255584715,2.1959999561309815,2.289400005340576,126094.2
2023-03-06,2.7808000564575197,2.869399976730347,2.6492000579833985,2.7844000339508055,176728.2
2023-03-13,2.5634000301361084,2.6461999893188475,2.461199998855591,2.5549999713897704,138795.8
2023-03-20,2.4173999786376954,2.5567999839782716,2.376199960708618,2.511599969863892,113846.6
2023-03-27,2.195400047302246,2.2651999473571776,2.1230000019073487,2.213200044631958,88650.4
2023-04-03,2.087600016593933,2.1592000007629393,2.0221999883651733,2.0976000308990477,141946.4
2023-04-10,2.1109999418258667,2.1917499899864197,2.035999983549118,2.0925000309944153,138256.75
2023-04-17,2.1350000381469725,2.2104000091552733,2.056399965286255,2.130400037765503,222120.6
2023-04-24,2.2685999870300293,2.3197999477386473,2.178200054168701,2.2507999420166014,104611.0
2023-05-01,2.3014000415802003,2.380200004577637,2.2228000164031982,2.314200019836426,121277.4
2023-05-08,2.172000026702881,2.2394000053405763,2.108200025558472,2.185799980163574,123372.8
2023-05-15,2.257800006866455,2.307200050354004,2.1812000274658203,2.2298000335693358,136431.2
2023-05-22,2.463600015640259,2.5585999965667723,2.3878000259399412,2.459600019454956,147517.6
2023-05-29,2.3017500042915344,2.390250027179718,2.2589999437332153,2.3630000352859497,70251.25
2023-06-05,2.2335999488830565,2.338199996948242,2.1923999786376953,2.2738000392913817,170215.2
2023-06-12,2.2926000118255616,2.335799980163574,2.23120002746582,2.298799991607666,178217.8
2023-06-19,2.4617499709129333,2.4952500462532043,2.3515000343322754,2.378499984741211,193936.25
2023-06-26,2.6434000015258787,2.6972000122070314,2.5401999950408936,2.6151999473571776,109763.8
2023-07-03,2.7148000240325927,2.7936000347137453,2.6473999977111817,2.7266000270843507,110910.8
2023-07-10,2.6292499899864197,2.7117499709129333,2.584999978542328,2.6389999389648438,115575.25
2023-07-17,2.591800022125244,2.669999933242798,2.552600049972534,2.6342000484466555,134747.2
2023-07-24,2.6773999691009522,2.729200029373169,2.616200065612793,2.6501999378204344,110221.2
2023-07-31,2.6318000316619874,2.704200029373169,2.582599973678589,2.6622000217437742,94799.4
2023-08-07,2.580799961090088,2.6429999828338624,2.512400007247925,2.5682000160217284,151040.4
2023-08-14,2.8128000259399415,2.8953999519348144,2.731999969482422,2.812399959564209,197404.2
2023-08-21,2.6110000133514406,2.700600004196167,2.573800039291382,2.6523999691009523,130321.4
2023-08-28,2.5389999866485597,2.6081999778747558,2.4899999618530275,2.5627999782562254,74287.6
2023-09-04,2.721249997615814,2.78424996137619,2.6512500047683716,2.7067500352859497,148880.0
2023-09-11,2.576800012588501,2.646799993515015,2.536399984359741,2.5978000164031982,129486.6
2023-09-18,2.700600004196167,2.772599983215332,2.63560004234314,2.6819999694824217,160814.2
2023-09-25,2.693400001525879,2.761800003051758,2.6412000179290773,2.71220006942749,98780.4
2023-10-02,2.826799917221069,2.876799964904785,2.7500000476837156,2.818399953842163,111154.6
2023-10-09,3.15819993019104,3.2122000217437745,3.0415999412536623,3.060599994659424,192170.0
2023-10-16,3.2896000385284423,3.3727999687194825,3.223199987411499,3.3383999824523927,169208.6
2023-10-23,2.983400011062622,3.0630000114440916,2.949000024795532,3.0242000579833985,127652.8
2023-10-30,3.142199993133545,3.223199987411499,3.0527999877929686,3.1144000053405763,89196.0
2023-11-06,3.4639999866485596,3.5482000350952148,3.369600009918213,3.4637999534606934,160791.0
2023-11-13,3.1033999919891357,3.193599987030029,3.045800065994263,3.134600019454956,154776.4
2023-11-20,3.040000009536743,3.1748000144958497,2.988199996948242,3.1004000186920164,150722.4
2023-11-27,2.8651999950408937,2.9103999614715574,2.8052000522613527,2.865000057220459,64655.2
2023-12-04,2.7639999866485594,2.8272000312805177,2.7185999393463134,2.7835999965667724,154301.8
2023-12-11,2.5752000331878664,2.6527999877929687,2.5073999881744387,2.6031999588012695,221608.4
2023-12-18,2.4064000129699705,2.4817999362945558,2.3414000034332276,2.3960000038146974,196333.6
2023-12-25,2.5302500128746033,2.5947499871253967,2.4327500462532043,2.521750032901764,105769.5
2024-01-01,2.559999942779541,2.6100000143051147,2.4792500138282776,2.5297499895095825,96421.0
2024-01-08,2.7860000133514404,2.834999990463257,2.6233999729156494,2.7326000213623045,186082.4
2024-01-15,3.159749984741211,3.306500017642975,2.971750020980835,3.0642500519752502,277677.25
2024-01-22,2.680999994277954,2.8581999778747558,2.6138000011444094,2.7847999572753905,158064.6
2024-01-29,2.5728000164031983,2.7276000022888183,2.436199998855591,2.58100004196167,83454.4
2024-02-05,2.0775999546051027,2.13439998626709,2.035599946975708,2.089599943161011,141006.8
2024-02-12,1.9016000270843505,1.9766000032424926,1.873799991607666,1.9462000131607056,213675.8
2024-02-19,1.621999979019165,1.6942499876022339,1.598000019788742,1.6557499766349792,212317.0
2024-02-26,1.6686000108718873,1.7474000215530396,1.6069999933242798,1.6835999965667725,123605.4
2024-03-04,1.8222000122070312,1.8842000007629394,1.7603999853134156,1.8070000171661378,152365.6
2024-03-11,1.853599977493286,1.9250000238418579,1.8187999963760375,1.8815999984741212,145347.6
2024-03-18,1.6941999912261962,1.7685999870300293,1.6630000114440917,1.7170000076293945,167288.2
2024-03-25,1.6799999952316285,1.726800012588501,1.6547999858856202,1.7028000116348267,90024.6
2024-04-01,1.7232500314712524,1.768750011920929,1.644249975681305,1.717250019311905,148237.75
2024-04-08,1.8211999893188477,1.8626000165939331,1.776800012588501,1.8164000034332275,178152.0
2024-04-15,1.796399998664856,1.867199993133545,1.7735999822616577,1.8295999765396118,190641.6
2024-04-22,1.748799991607666,1.7823999881744386,1.693400001525879,1.7206000089645386,161197.2
2024-04-29,1.749399995803833,1.8094000101089478,1.671999979019165,1.7645999908447265,96670.0
2024-05-06,2.059000015258789,2.1068000316619875,1.9871999979019166,2.0271999835968018,169172.8
2024-05-13,2.265600061416626,2.309600019454956,2.1836000442504884,2.233600044250488,162939.8
2024-05-20,2.5263999462127686,2.5612000465393066,2.4235999584198,2.4511999607086183,190997.2
2024-05-27,2.6725000143051147,2.820500075817108,2.5955000519752502,2.718250036239624,131871.25
2024-06-03,2.5995999813079833,2.678999996185303,2.5199999809265137,2.5947999954223633,156061.0
2024-06-10,2.797599983215332,2.911199998855591,2.7109999656677246,2.7890000343322754,219330.6
2024-06-17,2.9604000568389894,3.0460000038146973,2.897599983215332,2.9820000171661376,193741.4
2024-06-24,2.791499972343445,2.8669999837875366,2.700500011444092,2.7675000429153442,114722.5
2024-07-01,2.62960000038147,2.748200035095215,2.609999990463257,2.712999963760376,138566.0
2024-07-08,2.384499967098236,2.4485000371932983,2.3519999980926514,2.4082500338554382,149752.5
2024-07-15,2.2855999946594237,2.3621999740600588,2.25600004196167,2.3169999599456785,148629.8
2024-07-22,2.1453999996185305,2.194599962234497,2.0669999599456785,2.1182000160217287,150714.0
2024-07-29,2.0516000032424926,2.146000051498413,2.021999979019165,2.118400001525879,88687.0
2024-08-05,2.007800006866455,2.0813999652862547,1.9562000036239624,2.033200001716614,171194.2
2024-08-12,2.1161999702453613,2.1549999713897705,2.039400029182434,2.0812000274658202,195626.4
2024-08-19,2.1843999862670898,2.2572000503540037,2.134999990463257,2.178599977493286,175468.2
2024-08-26,2.0812000036239624,2.1604000091552735,2.056800031661987,2.140000009536743,104262.4
2024-09-02,2.0245000422000885,2.0734999775886536,1.962499976158142,2.030499964952469,129983.25
2024-09-09,2.2094000339508058,2.2643999576568605,2.1392000675201417,2.192599964141846,162206.4
2024-09-16,2.307400035858154,2.35620002746582,2.2254000186920164,2.2664000034332275,190269.0
2024-09-23,2.400599956512451,2.45600004196167,2.315399980545044,2.3622000217437744,157266.6
2024-09-30,2.719600057601929,2.7803999900817873,2.6414000034332275,2.7,144343.0
2024-10-07,2.87039999961853,2.957599973678589,2.826200008392334,2.90479998588562,169508.6
2024-10-14,2.6388000011444093,2.7113999843597414,2.6019999980926514,2.680000066757202,166447.6
2024-10-21,2.356399965286255,2.440599966049194,2.3197999954223634,2.3832000255584718,156791.0
2024-10-28,2.4088000297546386,2.498799991607666,2.325999927520752,2.420200061798096,128116.0
2024-11-04,2.668400001525879,2.7317999839782714,2.560799980163574,2.6477999687194824,171958.6
2024-11-11,2.7398000240325926,2.819200038909912,2.6757999897003173,2.7285999774932863,177433.2
2024-11-18,2.8942000389099123,2.967599964141846,2.7927999973297117,2.9073999881744386,208554.8
2024-11-25,3.2055999755859377,3.3539999961853026,3.075399971008301,3.175,166814.6
2024-12-02,3.302749991416931,3.4082500338554382,3.1917499899864197,3.303249955177307,202013.25
2024-12-09,3.0843999862670897,3.178399991989136,3.0366000175476073,3.134600019454956,197409.8
2024-12-16,3.2980000019073485,3.3796000480651855,3.188199996948242,3.282800006866455,244875.2
2024-12-23,3.534000015258789,3.650600004196167,3.38580002784729,3.5001999855041506,193128.8
2024-12-30,3.777750015258789,4.014000117778778,3.5839999318122864,3.7572500109672546,174586.0
2025-01-06,3.5797500014305115,3.804750084877014,3.487499952316284,3.698499917984009,189360.0
2025-01-13,3.744799995422363,3.9297999858856203,3.5872000217437745,3.7782000064849854,188247.2
2025-01-20,4.0642499923706055,4.208999991416931,3.880750060081482,4.073750078678131,183512.25
2025-01-27,3.8769999980926513,3.969599962234497,3.7416000366210938,3.8640000343322756,122807.4
2025-02-03,3.2897999763488768,3.4146000385284423,3.18580002784729,3.303999996185303,169023.8
2025-02-10,3.35479998588562,3.416199970245361,3.2559999942779543,3.3394000053405763,184616.2
2025-02-17,3.609250009059906,3.6865000128746033,3.5295000076293945,3.5482500195503235,230222.0
2025-02-24,4.1334000587463375,4.284200000762939,3.9177999019622805,4.049399995803833,219668.2
2025-03-03,3.9940000057220457,4.117999935150147,3.845799970626831,3.9602000236511232,169516.8
2025-03-10,4.398400020599365,4.5734001159667965,4.223200130462646,4.340799999237061,242188.0
2025-03-17,4.154000091552734,4.304199981689453,4.0513999462127686,4.200600051879883,188210.2
2025-03-24,4.0336000442504885,4.138199996948242,3.939400005340576,4.021000003814697,142243.0
2025-03-31,3.9670000076293945,4.057799911499023,3.8377999305725097,3.9449999809265135,126635.2
2025-04-07,3.927199935913086,4.106399965286255,3.8495999813079833,4.0046000480651855,201748.0
2025-04-14,3.537999963760376,3.7103999614715577,3.394000005722046,3.575600004196167,247949.0
2025-04-21,3.209249973297119,3.3137500286102295,3.1512500047683716,3.280750036239624,153681.25
2025-04-28,3.013200044631958,3.071000003814697,2.9013999938964843,2.9861999988555907,115077.6
2025-05-05,3.4742000102996826,3.563199996948242,3.371199941635132,3.434000015258789,152887.6
2025-05-12,3.623400020599365,3.7363999843597413,3.531599998474121,3.6166000366210938,172134.4
2025-05-19,3.3896000385284424,3.5161999702453612,3.352400016784668,3.4814000129699707,145370.8
2025-05-26,3.3455000519752502,3.42425000667572,3.224500000476837,3.29025000333786,129772.25
2025-06-02,3.453000020980835,3.5691999435424804,3.348799991607666,3.47039999961853,154467.6
2025-06-09,3.7067999839782715,3.776199960708618,3.6282000064849855,3.7104000568389894,174115.2
2025-06-16,3.5722000122070314,3.662999963760376,3.513400077819824,3.580399990081787,183388.6
2025-06-23,3.846249997615814,3.994999885559082,3.7544999718666077,3.885499954223633,115270.5
2025-06-30,3.47979998588562,3.6369999408721925,3.406999969482422,3.577799987792969,148391.4
2025-07-07,3.4221999645233154,3.493799924850464,3.3383999824523927,3.423400068283081,91202.2
2025-07-14,3.3341999530792235,3.428600025177002,3.2681999683380125,3.3461999893188477,158045.6
2025-07-21,3.50120005607605,3.574399995803833,3.436799955368042,3.501200008392334,131700.2
2025-07-28,3.104199981689453,3.2098000049591064,3.077600049972534,3.1685999393463136,93476.4
2025-08-04,3.049399995803833,3.1242000579833986,2.988599967956543,3.077799987792969,136333.0
2025-08-11,3.019599962234497,3.0781999588012696,2.95,3.0082000255584718,152125.8
2025-08-18,2.856600046157837,2.9151999950408936,2.7893999576568604,2.8613999843597413,162705.0
2025-08-25,2.747600030899048,2.814799976348877,2.7001999378204347,2.7757999897003174,109466.8
2025-09-01,2.881250023841858,2.9175000190734863,2.775250017642975,2.8269999623298645,104686.75
2025-09-08,3.0569999694824217,3.1308000564575194,2.9863999843597413,3.0407999992370605,182297.6
2025-09-15,3.0128000259399412,3.078800010681152,2.9555999755859377,3.0206000328063967,173065.0
2025-09-22,2.967199945449829,3.061399984359741,2.90460000038147,3.017199993133545,156985.4
2025-09-29,2.943400001525879,2.9989999771118163,2.871400022506714,2.9217999458312987,107237.0
2025-10-06,3.380399990081787,3.4728000164031982,3.313599967956543,3.35600004196167,208914.4
2025-10-13,3.264799976348877,3.3715999603271483,3.20479998588562,3.3193999767303466,212463.4
2025-10-20,3.0280001163482666,3.1059999465942383,3.003999948501587,3.1029999256134033,195346.0
