"Date","Price","Open","High","Low","Vol.","Change %"
"03/02/2025","7,287.00","7,302.00","7,351.00","7,230.00","0.03K","-0.53%"
"02/23/2025","7,326.00","7,348.00","7,356.00","7,271.00","0.19K","-0.52%"
"02/16/2025","7,364.00","7,346.00","7,386.00","7,340.00","1.31K","0.25%"
"02/09/2025","7,346.00","7,358.00","7,400.00","7,273.00","0.08K","0.18%"
"02/02/2025","7,333.00","7,296.00","7,350.00","7,296.00","0.19K","0.16%"
"01/26/2025","7,321.00","7,309.00","7,344.00","7,298.00","0.41K","0.16%"
"01/19/2025","7,309.00","7,372.00","7,388.00","7,296.00","0.11K","-0.85%"
"01/12/2025","7,372.00","7,300.00","7,397.00","7,283.00","6.47K","1.26%"
"01/05/2025","7,280.00","7,359.00","7,363.00","7,270.00","2.68K","-1.36%"
"12/29/2024","7,380.00","7,356.00","7,419.00","7,338.00","18.27K","0.08%"
"12/22/2024","7,374.00","7,364.00","7,436.00","7,345.00","83.25K","-0.04%"
"12/15/2024","7,377.00","7,459.00","7,464.00","7,349.00","173.60K","-1.11%"
"12/08/2024","7,460.00","7,468.00","7,468.00","7,422.00","0.16K","-0.11%"
"12/01/2024","7,468.00","7,498.00","7,656.00","7,441.00","0.36K","-0.09%"
"11/24/2024","7,475.00","7,472.00","7,513.00","7,457.00","0.92K","-0.39%"
"11/17/2024","7,504.00","7,400.00","7,525.00","7,371.00","6.53K","1.01%"
"11/10/2024","7,429.00","7,360.00","7,469.00","7,360.00","1.43K","0.94%"
"11/03/2024","7,360.00","7,382.00","7,450.00","7,104.00","0.21K","-0.61%"
"10/27/2024","7,405.00","7,465.00","7,494.00","7,354.00","1.05K","-0.79%"
"10/20/2024","7,464.00","7,429.00","7,507.00","7,409.00","4.55K","-0.03%"
"10/13/2024","7,466.00","7,613.00","7,656.00","7,433.00","0.53K","-1.93%"
"10/06/2024","7,613.00","7,608.00","7,672.00","7,512.00","0.77K","1.97%"
"09/29/2024","7,466.00","7,401.00","7,549.00","7,400.00","0.81K","0.84%"
"09/22/2024","7,404.00","7,362.00","7,419.00","7,339.00","2.19K","-0.18%"
"09/15/2024","7,417.00","7,373.00","7,429.00","7,319.00","6.29K","-1.28%"
"09/08/2024","7,513.00","7,421.00","7,475.00","7,407.00","0.77K","1.13%"
"09/01/2024","7,429.00","7,594.00","7,666.00","7,416.00","6.85K","-2.17%"
"08/25/2024","7,594.00","7,563.00","7,662.00","7,555.00","85.78K","0.56%"
"08/18/2024","7,552.00","7,543.00","7,614.00","7,521.00","225.18K","-0.15%"
"08/11/2024","7,563.00","7,532.00","7,590.00","7,504.00","277.06K","0.23%"
"08/04/2024","7,546.00","7,629.00","7,969.00","7,530.00","0.27K","-0.87%"
"07/28/2024","7,612.00","7,582.00","7,626.00","7,530.00","0.87K","0.40%"
"07/21/2024","7,582.00","7,593.00","7,624.00","7,551.00","2.12K","-0.35%"
"07/14/2024","7,609.00","7,656.00","7,670.00","7,596.00","5.04K","-1.23%"
"07/07/2024","7,704.00","7,749.00","7,749.00","7,627.00","0.30K","-0.58%"
"06/30/2024","7,749.00","7,718.00","7,960.00","7,677.00","1.93K","0.49%"
"06/23/2024","7,711.00","7,670.00","7,730.00","7,606.00","1.82K","0.44%"
"06/16/2024","7,677.00","7,618.00","7,714.00","7,613.00","4.11K","1.16%"
"06/09/2024","7,589.00","7,589.00","7,589.00","7,589.00","0.41K","0.00%"
"06/02/2024","7,589.00","7,740.00","7,751.00","7,562.00","1.18K","-2.01%"
"05/26/2024","7,745.00","7,657.00","7,798.00","7,632.00","3.73K","1.15%"
"05/19/2024","7,657.00","7,665.00","7,718.00","7,621.00","5.60K","1.92%"
"05/12/2024","7,513.00","7,495.00","7,729.00","7,100.00","1.18K","0.24%"
"05/05/2024","7,495.00","7,505.00","7,579.00","7,480.00","5.76K","-1.32%"
"04/28/2024","7,595.00","7,606.00","7,610.00","7,574.00","19.71K","0.38%"
"04/21/2024","7,566.00","7,598.00","7,616.00","7,512.00","120.87K","-0.64%"
"04/14/2024","7,615.00","7,507.00","7,671.00","7,507.00","173.57K","1.08%"
"04/07/2024","7,534.00","7,533.00","7,535.00","7,533.00","0.19K","0.19%"
"03/31/2024","7,520.00","7,430.00","7,520.00","7,430.00","0.04K","1.10%"
"03/24/2024","7,438.00","7,501.00","7,501.00","7,416.00","1.25K","-0.84%"
"03/17/2024","7,501.00","7,555.00","7,600.00","7,480.00","2.46K","0.08%"
"03/10/2024","7,495.00","7,292.00","7,548.00","7,292.00","3.81K","2.52%"
"03/03/2024","7,311.00","7,398.00","7,398.00","7,307.00","0.41K","-1.26%"
"02/25/2024","7,404.00","7,341.00","7,428.00","7,310.00","2.87K","0.86%"
"02/18/2024","7,341.00","7,342.00","7,357.00","7,321.00","0.41K","-0.53%"
"02/04/2024","7,380.00","7,224.00","7,380.00","7,224.00","0.22K","1.81%"
"01/28/2024","7,249.00","7,336.00","7,429.00","7,236.00","2.31K","-1.47%"
"01/21/2024","7,357.00","7,299.00","7,407.00","7,284.00","4.84K","0.88%"
"01/14/2024","7,293.00","7,258.00","7,336.00","7,237.00","6.28K","0.63%"
"01/07/2024","7,247.00","7,331.00","7,332.00","7,180.00","1.60K","-1.50%"
"12/31/2023","7,357.00","7,513.00","7,513.00","7,331.00","4.99K","-2.08%"
"12/24/2023","7,513.00","7,577.00","7,609.00","7,455.00","76.58K","-0.99%"
"12/17/2023","7,588.00","7,514.00","7,620.00","7,425.00","293.69K","1.28%"
"12/10/2023","7,492.00","7,138.00","7,515.00","7,003.00","87.45K","0.56%"
"12/03/2023","7,450.00","7,334.00","7,450.00","7,231.00","0.25K","0.38%"
"11/26/2023","7,422.00","7,419.00","7,482.00","7,362.00","0.91K","0.04%"
"11/19/2023","7,419.00","7,700.00","7,700.00","7,392.00","5.56K","-3.89%"
"11/12/2023","7,719.00","8,080.00","8,080.00","7,596.00","47.18K","0.61%"
"11/05/2023","7,672.00","7,683.00","7,718.00","7,451.00","0.14K","-0.14%"
"10/29/2023","7,683.00","7,621.00","7,749.00","7,580.00","2.56K","2.13%"
"10/22/2023","7,523.00","7,495.00","7,640.00","7,446.00","83.78K","-0.32%"
"10/15/2023","7,547.00","7,518.00","7,535.00","7,518.00","0.04K","0.39%"
"10/08/2023","7,518.00","7,594.00","7,615.00","7,493.00","0.11K","-3.81%"
"09/24/2023","7,816.00","7,915.00","7,977.00","7,684.00","4.69K","-1.25%"
"09/17/2023","7,915.00","8,021.00","8,152.00","7,874.00","31.20K","-1.32%"
"09/10/2023","8,021.00","7,861.00","8,058.00","7,861.00","23.19K","2.06%"
"09/03/2023","7,859.00","7,845.00","7,988.00","7,820.00","8.55K","0.26%"
"08/27/2023","7,839.00","7,678.00","7,876.00","7,615.00","77.34K","2.75%"
"08/20/2023","7,629.00","7,585.00","7,714.00","7,560.00","289.56K","1.21%"
"08/13/2023","7,538.00","7,376.00","7,600.00","7,344.00","943.54K","2.13%"
"08/06/2023","7,381.00","7,353.00","7,353.00","7,324.00","0.05K","0.19%"
"07/30/2023","7,367.00","7,372.00","7,670.00","7,318.00","1.39K","-0.07%"
"07/23/2023","7,372.00","7,260.00","7,415.00","7,209.00","3.84K","1.54%"
"07/16/2023","7,260.00","7,377.00","7,384.00","7,230.00","74.67K","2.41%"
"07/09/2023","7,089.00","7,100.00","7,100.00","7,100.00","","-0.15%"
"07/02/2023","7,100.00","7,073.00","7,106.00","7,065.00","0.09K","0.31%"
"06/25/2023","7,078.00","7,117.00","7,197.00","7,015.00","1.80K","-0.45%"
"06/18/2023","7,110.00","7,098.00","7,156.00","7,094.00","4.36K","0.41%"
"06/11/2023","7,081.00","6,967.00","7,118.00","6,967.00","30.94K","0.98%"
"06/04/2023","7,012.00","7,006.00","7,038.00","6,980.00","0.16K","0.33%"
"05/28/2023","6,989.00","6,952.00","7,080.00","6,820.00","1.19K","0.53%"
"05/21/2023","6,952.00","7,141.00","7,151.00","6,899.00","5.07K","-2.65%"
"05/14/2023","7,141.00","7,240.00","7,287.00","7,106.00","52.16K","-1.83%"
"05/07/2023","7,274.00","7,460.00","7,500.00","7,250.00","4.19K","-1.82%"
"04/30/2023","7,409.00","7,530.00","7,530.00","7,385.00","2.40K","-1.63%"
"04/23/2023","7,532.00","7,656.00","7,666.00","7,496.00","133.75K","-1.32%"
"04/16/2023","7,633.00","7,636.00","7,666.00","7,572.00","253.58K","1.14%"
"04/09/2023","7,547.00","7,549.00","7,549.00","7,547.00","0.04K","-2.13%"
"04/02/2023","7,711.00","7,711.00","7,711.00","7,711.00","0.03K","0.77%"
"03/26/2023","7,652.00","7,563.00","7,680.00","7,562.00","0.60K","1.76%"
"03/19/2023","7,520.00","7,594.00","7,614.00","7,490.00","0.61K","-0.62%"
"03/12/2023","7,567.00","7,698.00","7,706.00","7,494.00","35.76K","-3.10%"
"03/05/2023","7,809.00","7,809.00","7,809.00","7,809.00","","0.00%"
"02/26/2023","7,809.00","7,899.00","8,431.00","7,784.00","1.00K","-1.14%"
"02/19/2023","7,899.00","7,843.00","7,982.00","7,818.00","2.28K","0.88%"
"02/12/2023","7,830.00","7,810.00","7,898.00","7,752.00","45.60K","0.33%"
"02/05/2023","7,804.00","7,868.00","7,868.00","7,826.00","0.28K","-2.52%"
"01/29/2023","8,006.00","8,056.00","8,208.00","7,884.00","0.98K","-0.62%"
"01/15/2023","8,056.00","7,915.00","8,102.00","7,890.00","54.73K","3.75%"
"01/08/2023","7,765.00","7,702.00","7,858.00","7,583.00","1.43K","0.78%"
"01/01/2023","7,705.00","7,723.00","7,815.00","7,614.00","6.27K","-0.23%"
"12/25/2022","7,723.00","7,649.00","7,824.00","7,636.00","70.21K","-0.04%"
"12/18/2022","7,726.00","7,885.00","7,921.00","7,640.00","431.44K","-1.54%"
"12/11/2022","7,847.00","7,810.00","7,898.00","7,787.00","629.10K","0.47%"
"12/04/2022","7,810.00","7,810.00","7,810.00","7,810.00","","0.00%"
"11/27/2022","7,810.00","7,733.00","7,860.00","7,616.00","3.07K","1.06%"
"11/20/2022","7,728.00","7,801.00","7,801.00","7,660.00","0.84K","-0.55%"
"11/13/2022","7,771.00","7,916.00","7,916.00","7,739.00","4.29K","-0.31%"
"11/06/2022","7,795.00","7,751.00","7,810.00","7,731.00","0.36K","-0.90%"
"10/30/2022","7,866.00","7,773.00","7,880.00","7,539.00","0.92K","1.20%"
"10/23/2022","7,773.00","7,802.00","7,899.00","7,717.00","8.10K","-3.08%"
"10/16/2022","8,020.00","7,942.00","7,943.00","7,770.00","1.01K","0.38%"
"10/09/2022","7,990.00","8,440.00","8,440.00","7,900.00","1.09K","-2.19%"
"09/25/2022","8,169.00","8,081.00","8,200.00","7,957.00","3.87K","-0.18%"
"09/18/2022","8,184.00","8,124.00","8,248.00","8,060.00","10.88K","0.95%"
"09/11/2022","8,107.00","8,380.00","8,380.00","8,058.00","4.59K","-1.24%"
"09/04/2022","8,209.00","7,960.00","8,299.00","7,960.00","4.04K","3.18%"
"08/28/2022","7,956.00","7,983.00","8,058.00","7,919.00","54.76K","-0.04%"
"08/21/2022","7,959.00","7,850.00","8,020.00","7,765.00","338.20K","1.95%"
"08/14/2022","7,807.00","7,890.00","8,061.00","7,710.00","1.80M","-3.40%"
"08/07/2022","8,082.00","8,000.00","8,000.00","7,965.00","0.06K","1.03%"
"07/31/2022","8,000.00","8,100.00","8,130.00","8,100.00","0.33K","-0.30%"
"07/24/2022","8,024.00","7,752.00","8,145.00","7,752.00","4.68K","4.63%"
"07/17/2022","7,669.00","7,840.00","8,105.00","7,475.00","4.08K","-2.87%"
"07/10/2022","7,896.00","7,988.00","7,992.00","7,745.00","1.07K","-6.06%"
"07/03/2022","8,405.00","8,405.00","8,405.00","8,405.00","","0.00%"
"06/26/2022","8,405.00","8,370.00","8,476.00","8,289.00","1.37K","0.42%"
"06/19/2022","8,370.00","8,477.00","8,509.00","8,277.00","1.97K","-1.81%"
"06/12/2022","8,524.00","8,701.00","8,701.00","8,486.00","0.82K","-3.82%"
"06/05/2022","8,863.00","8,900.00","8,945.00","8,900.00","0.05K","-0.42%"
"05/29/2022","8,900.00","8,720.00","8,900.00","8,681.00","4.43K","2.06%"
"05/22/2022","8,720.00","8,444.00","8,814.00","8,385.00","12.92K","2.85%"
"05/15/2022","8,478.00","8,620.00","8,679.00","8,400.00","6.38K","-1.14%"
"05/08/2022","8,576.00","8,870.00","8,870.00","8,477.00","4.27K","-3.37%"
"05/01/2022","8,875.00","8,674.00","8,904.00","8,674.00","2.46K","2.32%"
"04/24/2022","8,674.00","8,752.00","8,790.00","8,498.00","111.60K","-1.45%"
"04/17/2022","8,802.00","8,840.00","8,969.00","8,738.00","898.50K","2.09%"
"04/10/2022","8,622.00","8,674.00","8,674.00","8,542.00","0.01K","-0.84%"
"04/03/2022","8,695.00","8,750.00","8,813.00","8,695.00","0.06K","-0.76%"
"03/27/2022","8,762.00","9,109.00","9,147.00","8,566.00","0.19K","-2.21%"
"03/20/2022","8,960.00","8,856.00","9,041.00","8,787.00","0.06K","1.73%"
"03/13/2022","8,808.00","8,841.00","8,842.00","8,610.00","0.13K","-0.56%"
"03/06/2022","8,858.00","8,900.00","9,200.00","8,232.00","0.08K","0.09%"
"02/27/2022","8,850.00","8,355.00","9,020.00","8,347.00","2.17K","5.92%"
"02/20/2022","8,355.00","8,269.00","8,565.00","8,261.00","4.92K","-1.26%"
"02/13/2022","8,462.00","8,494.00","8,507.00","8,228.00","0.27K","0.91%"
"02/06/2022","8,386.00","8,400.00","8,889.00","8,252.00","0.23K","-1.32%"
"01/23/2022","8,498.00","8,486.00","8,873.00","8,350.00","1.97K","0.54%"
"01/16/2022","8,452.00","8,350.00","8,534.00","8,200.00","8.11K","1.87%"
"01/09/2022","8,297.00","8,299.00","8,350.00","8,094.00","2.68K","0.25%"
"01/02/2022","8,276.00","8,164.00","8,380.00","8,164.00","6.07K","1.37%"
"12/26/2021","8,164.00","8,252.00","8,285.00","7,980.00","37.69K","-1.03%"
"12/19/2021","8,249.00","8,172.00","8,302.00","8,055.00","282.30K","1.03%"
"12/12/2021","8,165.00","7,900.00","8,220.00","7,900.00","936.76K","2.06%"
"12/05/2021","8,000.00","7,958.00","8,100.00","7,954.00","0.32K","-1.10%"
"11/28/2021","8,089.00","8,148.00","8,158.00","7,963.00","3.89K","-5.49%"
"11/21/2021","8,559.00","8,340.00","8,666.00","8,122.00","2.64K","3.12%"
"11/14/2021","8,300.00","8,621.00","8,621.00","8,205.00","3.72K","-2.86%"
"11/07/2021","8,544.00","8,500.00","8,700.00","8,400.00","0.53K","-0.32%"
"10/31/2021","8,571.00","8,800.00","8,800.00","8,430.00","0.80K","-1.64%"
"10/24/2021","8,714.00","9,045.00","9,045.00","8,492.00","3.61K","-3.60%"
"10/17/2021","9,039.00","9,611.00","9,759.00","8,950.00","2.50K","-6.53%"
"10/10/2021","9,670.00","10,300.00","10,488.00","9,500.00","2.34K","-3.05%"
"10/03/2021","9,974.00","10,119.00","10,119.00","9,851.00","0.00K","1.04%"
"09/26/2021","9,871.00","9,226.00","10,105.00","9,186.00","4.41K","6.70%"
"09/19/2021","9,251.00","8,915.00","9,420.00","8,862.00","5.07K","2.54%"
"09/12/2021","9,022.00","8,601.00","9,337.00","8,502.00","10.88K","4.52%"
"09/05/2021","8,632.00","8,505.00","8,650.00","8,500.00","1.39K","1.68%"
"08/29/2021","8,489.00","8,340.00","8,550.00","7,844.00","11.59K","1.98%"
"08/22/2021","8,324.00","8,390.00","8,506.00","8,279.00","131.55K","-1.18%"
"08/15/2021","8,423.00","8,541.00","8,624.00","8,377.00","1.59M","0.27%"
"08/08/2021","8,400.00","8,400.00","8,400.00","8,400.00","","0.00%"
"08/01/2021","8,400.00","8,400.00","8,400.00","8,400.00","0.00K","-1.33%"
"07/25/2021","8,513.00","8,616.00","8,766.00","8,318.00","0.08K","-1.20%"
"07/18/2021","8,616.00","8,522.00","8,780.00","8,352.00","0.04K","2.83%"
"07/11/2021","8,379.00","8,714.00","8,714.00","8,339.00","0.01K","-3.84%"
"07/04/2021","8,714.00","8,714.00","8,714.00","8,714.00","","0.00%"
"06/27/2021","8,714.00","8,414.00","9,002.00","8,414.00","0.10K","1.01%"
"06/20/2021","8,627.00","8,273.00","8,726.00","8,184.00","0.02K","4.32%"
"06/13/2021","8,270.00","8,267.00","8,445.00","8,202.00","0.09K","0.85%"
"06/06/2021","8,200.00","8,500.00","8,500.00","8,100.00","0.01K","-1.37%"
"05/30/2021","8,314.00","8,066.00","8,993.00","7,902.00","0.14K","-2.04%"
"05/23/2021","8,487.00","8,637.00","8,637.00","8,191.00","0.04K","-0.07%"
"05/16/2021","8,493.00","8,854.00","8,854.00","8,392.00","1.65K","-3.46%"
"05/09/2021","8,797.00","8,930.00","9,082.00","8,758.00","2.50K","-0.97%"
"05/02/2021","8,883.00","8,676.00","8,960.00","8,676.00","3.43K","2.66%"
"04/25/2021","8,653.00","8,605.00","8,731.00","8,488.00","89.91K","0.51%"
"04/18/2021","8,609.00","8,745.00","9,154.00","8,472.00","1.59M","-1.67%"
"04/11/2021","8,755.00","8,800.00","8,826.00","8,603.00","468.73K","-1.34%"
"04/04/2021","8,874.00","9,030.00","9,030.00","9,030.00","","-2.04%"
"03/28/2021","9,059.00","9,018.00","9,088.00","8,800.00","0.76K","0.45%"
"03/21/2021","9,018.00","9,179.00","9,216.00","8,889.00","0.74K","-1.40%"
"03/14/2021","9,146.00","9,478.00","9,600.00","9,076.00","1.32K","-2.89%"
"03/07/2021","9,418.00","9,437.00","9,675.00","9,400.00","0.33K","0.30%"
"02/28/2021","9,390.00","9,386.00","9,496.00","9,180.00","0.52K","0.04%"
"02/21/2021","9,386.00","8,928.00","9,666.00","8,928.00","2.24K","7.70%"
"02/14/2021","8,715.00","8,353.00","8,353.00","8,353.00","","4.33%"
"02/07/2021","8,353.00","8,700.00","9,000.00","8,353.00","0.01K","-2.02%"
"01/31/2021","8,525.00","8,351.00","8,700.00","8,351.00","0.00K","2.90%"
"01/24/2021","8,285.00","8,214.00","8,487.00","8,035.00","0.30K","1.46%"
"01/17/2021","8,166.00","8,014.00","8,240.00","8,014.00","1.50K","0.62%"
"01/10/2021","8,116.00","8,193.00","8,193.00","7,815.00","1.95K","-0.95%"
"01/03/2021","8,194.00","8,006.00","8,688.00","8,006.00","6.51K","2.67%"
"12/27/2020","7,981.00","8,134.00","8,176.00","7,883.00","22.05K","-2.84%"
"12/20/2020","8,214.00","8,430.00","8,535.00","8,110.00","128.75K","-2.80%"
"12/13/2020","8,451.00","8,500.00","8,649.00","8,280.00","531.32K","-2.85%"
"12/06/2020","8,699.00","8,550.00","8,750.00","8,550.00","0.02K","2.34%"
"11/29/2020","8,500.00","8,985.00","9,506.00","8,500.00","0.05K","-2.55%"
"11/22/2020","8,722.00","8,618.00","8,903.00","8,617.00","0.10K","1.99%"
"11/15/2020","8,552.00","8,182.00","8,642.00","8,182.00","0.32K","4.78%"
"11/08/2020","8,162.00","8,300.00","8,300.00","8,300.00","0.01K","0.99%"
"11/01/2020","8,082.00","8,120.00","8,250.00","8,082.00","0.12K","1.08%"
"10/25/2020","7,996.00","7,800.00","8,473.00","7,730.00","0.30K","-0.29%"
"10/18/2020","8,019.00","8,150.00","8,150.00","7,915.00","0.51K","-1.97%"
"10/11/2020","8,180.00","8,250.00","8,300.00","8,250.00","0.19K","1.53%"
"10/04/2020","8,057.00","7,960.00","8,100.00","7,960.00","0.04K","0.11%"
"09/27/2020","8,048.00","8,150.00","8,318.00","7,855.00","0.15K","-0.59%"
"09/20/2020","8,096.00","7,904.00","8,154.00","7,901.00","0.35K","2.17%"
"09/13/2020","7,924.00","7,950.00","8,618.00","7,807.00","4.52K","0.21%"
"09/06/2020","7,907.00","8,242.00","8,256.00","7,700.00","3.93K","-4.06%"
"08/30/2020","8,242.00","7,932.00","8,350.00","7,932.00","27.51K","4.42%"
"08/23/2020","7,893.00","7,678.00","7,948.00","7,676.00","102.16K","2.64%"
"08/16/2020","7,690.00","7,599.00","7,757.00","7,544.00","869.27K","6.81%"
"08/09/2020","7,200.00","7,401.00","7,401.00","7,000.00","0.00K","-6.68%"
"08/02/2020","7,715.00","7,715.00","7,715.00","7,715.00","","0.00%"
"07/26/2020","7,715.00","7,810.00","8,056.00","7,413.00","0.02K","2.77%"
"07/19/2020","7,507.00","7,724.00","7,724.00","7,435.00","0.03K","-1.46%"
"07/12/2020","7,618.00","7,700.00","7,829.00","7,610.00","0.28K","-1.68%"
"07/05/2020","7,748.00","7,680.00","7,810.00","7,650.00","0.22K","1.28%"
"06/28/2020","7,650.00","7,550.00","7,650.00","7,464.00","0.55K","0.75%"
"06/21/2020","7,593.00","7,542.00","7,640.00","7,542.00","0.15K","0.33%"
"06/14/2020","7,568.00","7,440.00","7,661.00","7,425.00","0.41K","-0.83%"
"06/07/2020","7,631.00","7,500.00","7,500.00","7,450.00","0.11K","1.13%"
"05/31/2020","7,546.00","7,464.00","7,680.00","7,464.00","0.35K","0.53%"
"05/24/2020","7,506.00","7,364.00","7,902.00","7,241.00","0.17K","3.43%"
"05/17/2020","7,257.00","7,155.00","7,490.00","7,080.00","1.28K","0.92%"
"05/10/2020","7,191.00","7,592.00","7,760.00","7,000.00","1.60K","-5.52%"
"05/03/2020","7,611.00","7,598.00","7,737.00","7,585.00","3.66K","2.57%"
"04/26/2020","7,420.00","7,301.00","7,530.00","7,293.00","48.62K","2.25%"
"04/19/2020","7,257.00","7,240.00","7,329.00","6,724.00","382.31K","-0.73%"
"04/12/2020","7,310.00","7,276.00","8,700.00","7,093.00","776.89K","7.50%"
"04/05/2020","6,800.00","6,800.00","6,800.00","6,800.00","0.02K","6.85%"
"03/29/2020","6,364.00","6,021.00","6,562.00","5,480.00","0.31K","-0.64%"
"03/22/2020","6,405.00","6,568.00","6,569.00","6,130.00","0.06K","-1.00%"
"03/15/2020","6,470.00","6,774.00","6,774.00","6,397.00","0.39K","-6.23%"
"03/08/2020","6,900.00","6,900.00","6,900.00","6,900.00","","0.00%"
"03/01/2020","6,900.00","6,900.00","6,900.00","6,900.00","0.03K","2.24%"
"02/23/2020","6,749.00","6,767.00","6,767.00","6,526.00","0.01K","-0.27%"
"02/16/2020","6,767.00","6,827.00","6,827.00","6,305.00","0.02K","4.62%"
"02/09/2020","6,468.00","6,468.00","6,468.00","6,468.00","","0.00%"
"02/02/2020","6,468.00","6,468.00","6,468.00","6,468.00","0.01K","-14.44%"
"01/19/2020","7,560.00","7,560.00","7,560.00","7,560.00","","0.00%"
"01/12/2020","7,560.00","7,527.00","7,610.00","7,388.00","1.62K","0.68%"
"01/05/2020","7,509.00","7,411.00","7,550.00","7,410.00","2.02K","0.87%"
"12/29/2019","7,444.00","7,715.00","7,749.00","7,403.00","11.85K","-3.15%"
"12/22/2019","7,686.00","7,667.00","7,727.00","7,622.00","48.33K","-0.08%"
"12/15/2019","7,692.00","7,835.00","7,849.00","7,611.00","174.62K","-13.73%"
"12/08/2019","8,916.00","8,765.00","9,847.00","8,765.00","0.00K","6.91%"
"12/01/2019","8,340.00","8,340.00","8,340.00","8,340.00","0.00K","0.12%"
"11/24/2019","8,330.00","8,202.00","8,400.00","8,039.00","0.04K","1.59%"
"11/17/2019","8,200.00","8,096.00","8,200.00","8,096.00","0.02K","1.36%"
"11/10/2019","8,090.00","8,090.00","8,091.00","8,090.00","0.01K","-3.80%"
"11/03/2019","8,410.00","8,410.00","8,410.00","8,410.00","","0.00%"
"10/27/2019","8,410.00","8,146.00","8,674.00","8,146.00","0.00K","-0.86%"
"10/20/2019","8,483.00","8,483.00","8,483.00","8,483.00","","-1.39%"
"10/13/2019","8,603.00","8,603.00","8,603.00","8,603.00","","0.00%"
"10/06/2019","8,603.00","8,603.00","8,603.00","8,603.00","","0.00%"
"09/29/2019","8,603.00","8,603.00","8,603.00","8,603.00","","0.00%"
"09/22/2019","8,603.00","8,603.00","8,603.00","8,603.00","","0.00%"
"09/15/2019","8,603.00","8,719.00","8,900.00","8,501.00","2.07K","-0.92%"
"09/08/2019","8,683.00","8,651.00","8,738.00","8,640.00","2.28K","0.21%"
"09/01/2019","8,665.00","8,524.00","8,700.00","8,502.00","9.92K","2.15%"
"08/25/2019","8,483.00","8,462.00","8,556.00","8,430.00","49.68K","-0.29%"
"08/18/2019","8,508.00","8,533.00","8,666.00","8,460.00","123.68K","-0.50%"
"08/11/2019","8,551.00","9,460.00","9,460.00","8,518.00","72.89K","-4.19%"
"08/04/2019","8,925.00","8,317.00","9,242.00","8,317.00","0.09K","2.36%"
"07/28/2019","8,719.00","8,719.00","8,719.00","8,719.00","","0.00%"
"07/21/2019","8,719.00","8,495.00","8,991.00","8,459.00","0.08K","0.22%"
"07/14/2019","8,700.00","8,700.00","8,700.00","8,700.00","","7.10%"
"07/07/2019","8,123.00","8,123.00","8,123.00","8,123.00","","0.00%"
"06/30/2019","8,123.00","8,123.00","8,123.00","8,123.00","","0.00%"
"06/23/2019","8,123.00","8,123.00","8,123.00","8,123.00","","0.00%"
"06/16/2019","8,123.00","7,888.00","8,358.00","7,888.00","0.00K","-5.44%"
"06/09/2019","8,590.00","8,590.00","8,590.00","8,590.00","","0.00%"
"06/02/2019","8,590.00","8,590.00","8,590.00","8,590.00","","0.00%"
"05/26/2019","8,590.00","8,640.00","8,899.00","8,451.00","0.04K","2.26%"
"05/19/2019","8,400.00","8,546.00","8,886.00","8,400.00","0.01K","-4.01%"
"05/12/2019","8,751.00","8,350.00","8,620.00","8,320.00","1.50K","1.45%"
"05/05/2019","8,626.00","8,800.00","8,839.00","8,275.00","8.03K","-2.37%"
"04/28/2019","8,835.00","8,763.00","8,860.00","8,763.00","10.15K","0.68%"
"04/21/2019","8,775.00","8,782.00","8,884.00","8,755.00","43.41K","-0.23%"
"04/14/2019","8,795.00","8,906.00","8,920.00","8,764.00","76.95K","-3.82%"
"04/07/2019","9,144.00","9,144.00","9,144.00","9,144.00","","0.00%"
"03/31/2019","9,144.00","9,144.00","9,144.00","9,144.00","","0.00%"
"03/24/2019","9,144.00","8,707.00","9,152.00","8,707.00","0.01K","4.56%"
"03/17/2019","8,745.00","8,780.00","8,943.00","8,548.00","0.00K","-2.64%"
"03/10/2019","8,982.00","8,982.00","8,982.00","8,982.00","","-0.96%"
"03/03/2019","9,069.00","9,069.00","9,069.00","9,069.00","","0.00%"
"02/24/2019","9,069.00","9,069.00","9,069.00","9,069.00","","0.00%"
"02/17/2019","9,069.00","8,842.00","9,296.00","8,842.00","0.01K","-3.83%"
"02/10/2019","9,430.00","9,430.00","9,430.00","9,430.00","","0.00%"
"01/27/2019","9,430.00","9,430.00","9,430.00","9,430.00","","0.00%"
"01/20/2019","9,430.00","9,430.00","9,430.00","9,430.00","0.00K","2.42%"
"01/13/2019","9,207.00","9,346.00","9,839.00","8,800.00","1.03K","-1.41%"
"01/06/2019","9,339.00","9,120.00","9,380.00","9,120.00","2.76K","1.82%"
"12/30/2018","9,172.00","9,168.00","9,240.00","9,055.00","2.70K","0.48%"
"12/23/2018","9,128.00","8,990.00","9,250.00","8,842.00","38.32K","1.54%"
"12/16/2018","8,990.00","8,987.00","9,175.00","8,956.00","108.05K","-19.50%"
"12/09/2018","11,168.00","11,168.00","11,168.00","11,168.00","","0.00%"
"12/02/2018","11,168.00","11,168.00","11,168.00","11,168.00","0.00K","8.00%"
"11/25/2018","10,341.00","10,341.00","10,341.00","10,341.00","","5.00%"
"11/18/2018","9,849.00","9,849.00","9,849.00","9,849.00","","-5.00%"
"11/11/2018","10,367.00","10,367.00","10,367.00","10,367.00","0.00K","-4.01%"
"11/04/2018","10,800.00","10,800.00","10,800.00","10,800.00","0.00K","3.58%"
"10/28/2018","10,427.00","10,000.00","10,427.00","10,000.00","0.00K","4.70%"
"10/21/2018","9,959.00","9,950.00","9,979.00","9,950.00","0.00K","-4.44%"
"10/14/2018","10,422.00","10,422.00","10,422.00","10,422.00","","0.00%"
"10/07/2018","10,422.00","10,422.00","10,422.00","10,422.00","","0.00%"
"09/23/2018","10,422.00","10,422.00","10,422.00","10,422.00","","0.00%"
"09/16/2018","10,422.00","9,608.00","10,677.00","9,608.00","0.01K","5.55%"
"09/09/2018","9,874.00","10,050.00","10,050.00","9,850.00","0.35K","-0.95%"
"09/02/2018","9,969.00","9,813.00","10,000.00","9,745.00","3.09K","1.22%"
"08/26/2018","9,849.00","9,750.00","9,896.00","9,680.00","13.66K","0.90%"
"08/19/2018","9,761.00","9,900.00","10,051.00","9,682.00","56.81K","-2.21%"
"08/12/2018","9,982.00","9,344.00","10,146.00","9,344.00","52.89K","0.42%"
"08/05/2018","9,940.00","9,967.00","10,200.00","9,899.00","0.14K","4.14%"
"07/29/2018","9,545.00","9,661.00","9,661.00","9,498.00","0.00K","0.01%"
"07/22/2018","9,544.00","9,796.00","9,796.00","9,335.00","0.00K","2.24%"
"07/15/2018","9,335.00","9,400.00","9,400.00","9,233.00","0.01K","2.68%"
"07/08/2018","9,091.00","9,199.00","9,199.00","9,020.00","0.00K","0.79%"
"07/01/2018","9,020.00","9,021.00","9,021.00","9,020.00","0.00K","-1.96%"
"06/24/2018","9,200.00","9,570.00","9,570.00","8,863.00","0.01K","0.27%"
"06/17/2018","9,175.00","9,115.00","9,309.00","9,103.00","0.00K","-0.37%"
"06/10/2018","9,209.00","9,161.00","9,259.00","9,161.00","0.00K","-16.12%"
"06/03/2018","10,979.00","10,979.00","10,979.00","10,979.00","","0.00%"
"05/27/2018","10,979.00","9,342.00","10,979.00","9,161.00","0.01K","22.40%"
"05/20/2018","8,970.00","8,970.00","8,970.00","8,970.00","","0.00%"
"05/13/2018","8,970.00","9,140.00","9,190.00","9,120.00","1.11K","-1.81%"
"05/06/2018","9,135.00","9,190.00","9,249.00","9,100.00","0.82K","0.25%"
"04/29/2018","9,112.00","8,815.00","9,180.00","8,815.00","8.71K","3.18%"
"04/22/2018","8,831.00","8,735.00","8,900.00","8,709.00","40.14K","0.08%"
"04/15/2018","8,824.00","8,880.00","8,940.00","8,721.00","46.63K","-5.12%"
"04/08/2018","9,300.00","9,300.00","9,300.00","9,300.00","0.00K","2.09%"
"04/01/2018","9,110.00","9,110.00","9,110.00","9,110.00","","0.00%"
"03/25/2018","9,110.00","9,050.00","9,150.00","9,050.00","0.01K","0.66%"
"03/18/2018","9,050.00","9,050.00","9,050.00","9,050.00","0.00K","0.00%"
"03/11/2018","9,050.00","9,050.00","9,050.00","9,050.00","","7.74%"
"03/04/2018","8,400.00","8,400.00","8,400.00","8,400.00","0.00K","-3.97%"
"02/25/2018","8,747.00","8,747.00","8,747.00","8,747.00","","0.00%"
"02/18/2018","8,747.00","8,747.00","8,747.00","8,747.00","0.00K","-2.81%"
"02/11/2018","9,000.00","9,000.00","9,000.00","9,000.00","","0.00%"
"02/04/2018","9,000.00","9,000.00","9,000.00","9,000.00","0.01K","-0.01%"
"01/28/2018","9,001.00","9,809.00","9,809.00","9,001.00","0.02K","-3.70%"
"01/21/2018","9,347.00","9,464.00","9,517.00","9,173.00","0.02K","-1.24%"
"01/14/2018","9,464.00","9,500.00","9,611.00","9,393.00","2.40K","0.15%"
"01/07/2018","9,450.00","9,270.00","9,480.00","9,270.00","1.84K","1.63%"
"12/31/2017","9,298.00","9,150.00","9,353.00","9,150.00","1.42K","1.88%"
"12/24/2017","9,126.00","9,091.00","9,169.00","8,951.00","18.81K","0.81%"
"12/17/2017","9,053.00","9,050.00","9,170.00","8,980.00","41.53K","0.78%"
"12/10/2017","8,983.00","9,014.00","9,053.00","8,907.00","11.37K","-0.63%"
"12/03/2017","9,040.00","8,999.00","9,349.00","8,999.00","0.01K","3.02%"
"11/26/2017","8,775.00","8,700.00","8,800.00","8,700.00","0.00K","-2.92%"
"11/19/2017","9,039.00","9,039.00","9,039.00","9,039.00","0.00K","0.00%"
"11/12/2017","9,039.00","9,039.00","9,039.00","9,039.00","","7.92%"
"11/05/2017","8,376.00","8,376.00","8,376.00","8,376.00","","0.00%"
"10/29/2017","8,376.00","8,385.00","8,400.00","8,345.00","0.00K","-4.30%"
"10/22/2017","8,752.00","8,752.00","8,752.00","8,752.00","0.00K","0.02%"
"10/15/2017","8,750.00","8,750.00","8,750.00","8,750.00","","0.00%"
"10/08/2017","8,750.00","8,750.00","8,750.00","8,750.00","","0.00%"
"09/24/2017","8,750.00","8,703.00","8,800.00","8,559.00","0.05K","2.08%"
"09/17/2017","8,572.00","8,727.00","8,727.00","8,418.00","0.01K","-3.22%"
"09/10/2017","8,857.00","8,900.00","9,145.00","8,650.00","2.28K","-2.02%"
"09/03/2017","9,040.00","9,201.00","9,668.00","8,988.00","4.29K","-1.75%"
"08/27/2017","9,201.00","8,860.00","9,303.00","8,750.00","21.90K","2.67%"
"08/20/2017","8,962.00","8,631.00","9,007.00","8,631.00","63.03K","4.28%"
"08/13/2017","8,594.00","8,415.00","8,630.00","8,281.00","107.06K","1.11%"
"08/06/2017","8,500.00","8,326.00","8,600.00","8,326.00","0.01K","8.21%"
"07/30/2017","7,855.00","8,662.00","8,662.00","7,855.00","0.00K","-9.32%"
"07/23/2017","8,662.00","8,599.00","8,800.00","8,599.00","0.02K","3.62%"
"07/16/2017","8,359.00","8,257.00","8,480.00","7,968.00","0.16K","13.11%"
"07/09/2017","7,390.00","7,600.00","7,600.00","7,600.00","0.00K","2.92%"
"07/02/2017","7,180.00","7,180.00","7,180.00","7,180.00","0.00K","-5.68%"
"06/25/2017","7,612.00","7,916.00","7,916.00","7,350.00","0.01K","-1.98%"
"06/18/2017","7,766.00","7,777.00","8,095.00","7,486.00","0.02K","0.57%"
"06/11/2017","7,722.00","8,427.00","8,427.00","7,722.00","0.00K","-2.87%"
"06/04/2017","7,950.00","7,950.00","7,950.00","7,950.00","0.00K","6.00%"
"05/28/2017","7,500.00","8,500.00","9,140.00","7,500.00","0.02K","-13.84%"
"05/21/2017","8,705.00","8,330.00","8,888.00","8,202.00","0.02K","9.43%"
"05/14/2017","7,955.00","7,500.00","8,000.00","7,485.00","0.59K","7.34%"
"05/07/2017","7,411.00","7,538.00","7,677.00","7,330.00","0.63K","-0.95%"
"04/30/2017","7,482.00","7,800.00","7,841.00","7,460.00","2.35K","-3.88%"
"04/23/2017","7,784.00","7,660.00","7,830.00","7,561.00","39.52K","0.09%"
"04/16/2017","7,777.00","7,770.00","7,870.00","7,639.00","44.52K","-10.39%"
"04/09/2017","8,679.00","8,679.00","8,679.00","8,679.00","","0.00%"
"04/02/2017","8,679.00","8,679.00","8,679.00","8,679.00","","0.00%"
"03/26/2017","8,679.00","8,679.00","8,679.00","8,679.00","","0.00%"
"03/19/2017","8,679.00","8,679.00","8,679.00","8,679.00","","0.00%"
"03/12/2017","8,679.00","8,679.00","8,679.00","8,679.00","","-3.68%"
"03/05/2017","9,011.00","9,011.00","9,011.00","9,011.00","","0.00%"
"02/26/2017","9,011.00","9,129.00","9,585.00","9,011.00","0.01K","-1.29%"
"02/19/2017","9,129.00","9,129.00","9,129.00","9,129.00","0.00K","0.35%"
"02/12/2017","9,097.00","9,097.00","9,097.00","9,097.00","","-3.55%"
"02/05/2017","9,432.00","9,432.00","9,432.00","9,432.00","","0.00%"
"01/29/2017","9,432.00","9,432.00","9,432.00","9,432.00","","0.00%"
"01/22/2017","9,432.00","8,817.00","9,432.00","8,816.00","0.01K","6.55%"
"01/15/2017","8,852.00","8,600.00","9,311.00","8,392.00","0.32K","2.68%"
"01/08/2017","8,621.00","8,570.00","8,750.00","8,383.00","0.30K","1.29%"
"01/01/2017","8,511.00","8,740.00","8,740.00","8,396.00","0.87K","-2.80%"
"12/25/2016","8,756.00","8,896.00","9,328.00","8,630.00","11.45K","-2.66%"
"12/18/2016","8,995.00","9,500.00","9,552.00","8,917.00","29.44K","-6.45%"
"12/11/2016","9,615.00","9,600.00","9,708.00","9,460.00","15.08K","12.83%"
"12/04/2016","8,522.00","8,522.00","8,522.00","8,522.00","","0.00%"
"11/27/2016","8,522.00","8,522.00","8,522.00","8,522.00","0.00K","-0.29%"
"11/20/2016","8,547.00","8,486.00","8,913.00","8,363.00","0.06K","-2.88%"
"11/13/2016","8,800.00","8,800.00","8,800.00","8,800.00","","0.15%"
"11/06/2016","8,787.00","8,787.00","8,787.00","8,787.00","","0.00%"
"10/30/2016","8,787.00","8,793.00","8,793.00","8,782.00","0.00K","2.10%"
"10/23/2016","8,606.00","8,070.00","8,893.00","8,069.00","0.04K","7.25%"
"10/16/2016","8,024.00","8,024.00","8,024.00","8,024.00","","0.00%"
"10/09/2016","8,024.00","8,024.00","8,024.00","8,024.00","0.00K","0.00%"
"09/25/2016","8,024.00","7,801.00","8,080.00","7,728.00","0.06K","2.73%"
"09/18/2016","7,811.00","7,567.00","7,894.00","7,198.00","0.02K","-6.90%"
"09/11/2016","8,390.00","8,300.00","8,480.00","8,300.00","4.72K","-0.21%"
"09/04/2016","8,408.00","8,399.00","8,412.00","8,316.00","9.14K","0.15%"
"08/28/2016","8,395.00","8,310.00","8,570.00","8,301.00","76.40K","1.00%"
"08/21/2016","8,312.00","8,298.00","8,342.00","8,250.00","94.03K","0.35%"
"08/14/2016","8,283.00","8,230.00","8,349.00","8,200.00","349.08K","-0.81%"
"08/07/2016","8,351.00","8,351.00","8,351.00","8,351.00","","0.00%"
"07/31/2016","8,351.00","8,351.00","8,351.00","8,351.00","","0.00%"
"07/24/2016","8,351.00","8,550.00","8,550.00","8,023.00","0.01K","-0.06%"
"07/17/2016","8,356.00","8,100.00","8,522.00","8,037.00","0.08K","1.08%"
"07/10/2016","8,267.00","8,144.00","8,390.00","8,144.00","0.01K","-3.87%"
"07/03/2016","8,600.00","8,820.00","8,820.00","7,830.00","0.01K","3.25%"
"06/26/2016","8,329.00","7,800.00","8,581.00","7,800.00","0.03K","12.10%"
"06/19/2016","7,430.00","7,371.00","7,690.00","7,238.00","0.02K","3.76%"
"06/12/2016","7,161.00","7,392.00","7,400.00","6,949.00","0.01K","2.68%"
"06/05/2016","6,974.00","6,974.00","6,974.00","6,974.00","","0.00%"
"05/29/2016","6,974.00","6,539.00","7,122.00","6,500.00","0.03K","4.65%"
"05/22/2016","6,664.00","6,568.00","6,982.00","6,461.00","0.47K","-0.74%"
"05/15/2016","6,714.00","6,750.00","6,938.00","6,556.00","4.14K","-0.16%"
"05/08/2016","6,725.00","6,650.00","6,980.00","6,500.00","2.34K","1.26%"
"05/01/2016","6,641.00","6,820.00","6,840.00","6,600.00","2.68K","-2.64%"
"04/24/2016","6,821.00","6,850.00","7,100.00","6,755.00","44.45K","0.75%"
"04/17/2016","6,770.00","7,000.00","7,148.00","6,655.00","403.38K","-7.75%"
"04/10/2016","7,339.00","7,339.00","7,339.00","7,339.00","","0.00%"
"04/03/2016","7,339.00","7,339.00","7,339.00","7,339.00","","0.00%"
"03/27/2016","7,339.00","7,650.00","7,995.00","7,098.00","0.05K","-4.07%"
"03/20/2016","7,650.00","7,474.00","7,847.00","7,322.00","0.03K","0.28%"
"03/13/2016","7,629.00","6,963.00","7,711.00","6,963.00","0.05K","18.39%"
"03/06/2016","6,444.00","6,444.00","6,444.00","6,444.00","","0.00%"
"02/28/2016","6,444.00","6,444.00","6,444.00","6,444.00","","0.00%"
"02/21/2016","6,444.00","6,444.00","6,444.00","6,444.00","","9.59%"
"02/14/2016","5,880.00","5,880.00","5,880.00","5,880.00","","0.00%"
"01/31/2016","5,880.00","5,880.00","5,880.00","5,880.00","","0.00%"
"01/24/2016","5,880.00","6,006.00","6,306.00","5,843.00","0.08K","-5.84%"
"01/17/2016","6,245.00","6,397.00","6,725.00","6,001.00","0.19K","0.63%"
"01/10/2016","6,206.00","6,360.00","6,360.00","5,700.00","1.49K","3.31%"
"01/03/2016","6,007.00","6,400.00","6,410.00","5,800.00","4.02K","-6.16%"
"12/27/2015","6,401.00","6,492.00","6,495.00","6,358.00","22.07K","-1.23%"
"12/20/2015","6,481.00","6,166.00","6,520.00","6,081.00","83.23K","6.60%"
"12/13/2015","6,080.00","6,011.00","6,195.00","5,974.00","155.69K","-3.31%"
"12/06/2015","6,288.00","6,288.00","6,288.00","6,288.00","","0.00%"
"11/29/2015","6,288.00","6,288.00","6,288.00","6,288.00","","0.00%"
"11/22/2015","6,288.00","6,288.00","6,288.00","6,288.00","0.01K","3.37%"
"11/15/2015","6,083.00","6,460.00","6,460.00","6,017.00","0.06K","-14.28%"
"11/08/2015","7,096.00","7,096.00","7,096.00","7,096.00","0.00K","0.00%"
"11/01/2015","7,096.00","7,096.00","7,096.00","7,096.00","","0.00%"
"10/25/2015","7,096.00","7,050.00","7,392.00","6,808.00","0.07K","-0.49%"
"10/18/2015","7,131.00","7,017.00","7,297.00","6,944.00","0.04K","-3.37%"
"10/11/2015","7,380.00","7,180.00","7,380.00","7,180.00","0.04K","-2.64%"
"10/04/2015","7,580.00","7,580.00","7,580.00","7,580.00","0.00K","0.40%"
"09/27/2015","7,550.00","7,529.00","7,550.00","7,450.00","0.04K","0.28%"
"09/20/2015","7,529.00","7,513.00","7,790.00","7,470.00","0.11K","-2.66%"
"09/13/2015","7,735.00","7,650.00","7,680.00","7,400.00","0.95K","0.13%"
"09/06/2015","7,725.00","7,900.00","8,028.00","7,660.00","1.24K","-3.16%"
"08/30/2015","7,977.00","8,000.00","8,064.00","7,805.00","12.73K","0.00%"
"08/23/2015","7,977.00","8,228.00","8,228.00","7,770.00","71.30K","-3.34%"
"08/16/2015","8,253.00","8,338.00","8,395.00","8,161.00","207.68K","3.18%"
"08/09/2015","7,999.00","7,999.00","7,999.00","7,999.00","","0.00%"
"08/02/2015","7,999.00","7,999.00","7,999.00","7,999.00","","0.00%"
"07/26/2015","7,999.00","7,636.00","8,173.00","7,636.00","0.08K","0.59%"
"07/19/2015","7,952.00","8,320.00","8,320.00","7,952.00","0.01K","-2.98%"
"07/12/2015","8,196.00","7,979.00","8,255.00","7,979.00","0.01K","-5.49%"
"07/05/2015","8,672.00","9,225.00","9,225.00","9,225.00","0.00K","-5.99%"
"06/28/2015","9,225.00","8,601.00","9,225.00","8,500.00","0.09K","7.25%"
"06/21/2015","8,601.00","8,880.00","8,880.00","8,601.00","0.01K","0.39%"
"06/14/2015","8,568.00","8,943.00","8,943.00","8,547.00","0.04K","-2.08%"
"06/07/2015","8,750.00","8,750.00","8,750.00","8,750.00","","0.00%"
"05/31/2015","8,750.00","8,750.00","8,750.00","8,750.00","0.03K","-2.05%"
"05/24/2015","8,933.00","8,852.00","9,525.00","8,711.00","0.04K","-2.87%"
"05/17/2015","9,197.00","9,083.00","9,550.00","8,651.00","0.05K","-2.78%"
"05/10/2015","9,460.00","9,400.00","9,499.00","8,812.00","1.66K","0.96%"
"05/03/2015","9,370.00","9,400.00","9,630.00","9,300.00","5.39K","-3.24%"
"04/26/2015","9,684.00","9,388.00","9,880.00","9,388.00","77.61K","3.24%"
"04/19/2015","9,380.00","9,414.00","9,420.00","9,164.00","190.02K","1.31%"
"04/12/2015","9,259.00","8,900.00","9,408.00","8,857.00","375.53K","2.10%"
"04/05/2015","9,069.00","9,069.00","9,069.00","9,069.00","","0.00%"
"03/29/2015","9,069.00","8,712.00","9,070.00","8,712.00","0.11K","3.06%"
"03/22/2015","8,800.00","8,417.00","8,800.00","8,112.00","0.18K","4.58%"
"03/15/2015","8,415.00","8,097.00","8,446.00","8,097.00","0.03K","-8.16%"
"03/08/2015","9,163.00","9,163.00","9,163.00","9,163.00","","5.32%"
"03/01/2015","8,700.00","9,979.00","9,979.00","8,700.00","0.01K","-7.59%"
"02/22/2015","9,415.00","9,415.00","9,415.00","9,415.00","","4.00%"
"02/15/2015","9,053.00","8,494.00","9,088.00","8,494.00","0.09K","8.56%"
"02/08/2015","8,339.00","8,050.00","8,880.00","8,050.00","0.02K","1.88%"
"02/01/2015","8,185.00","7,360.00","8,185.00","7,360.00","0.01K","6.02%"
"01/25/2015","7,720.00","8,550.00","8,550.00","7,630.00","0.04K","-9.76%"
"01/18/2015","8,555.00","8,526.00","8,590.00","8,346.00","0.04K","0.04%"
"01/11/2015","8,552.00","8,090.00","8,200.00","7,900.00","2.71K","2.86%"
"01/04/2015","8,314.00","9,380.00","9,380.00","8,108.00","7.15K","-14.40%"